data,label
上海浦东近年来颁布实行了涉及经济、贸易、建设、规划、科技、文教等领域的七十一件法规性文件,1
确保了浦东开发的有序进行,1
浦东开发开放是一项振兴上海,0
建设现代化经济、贸易、金融中心的跨世纪工程,1
因此大量出现的是以前不曾遇到过的新情况、新问题,1
对此,0
浦东不是简单的采取“干一段时间，等积累了经验以后再制定法规条例”的做法,1
而是借鉴发达国家和深圳等特区的经验教训,1
聘请国内外有关专家学者,1
积极、及时地制定和推出法规性文件,1
使这些经济活动一出现就被纳入法制轨道,1
去年初浦东新区诞生的中国第一家医疗机构药品采购服务中心,0
正因为一开始就比较规范,1
运转至今,1
成交药品一亿多元,1
没有发现一例回扣,1
建筑是开发浦东的一项主要经济活动,1
这些年有数百家建筑公司、四千余个建筑工地遍布在这片热土上,1
为规范建筑行为,1
防止出现无序现象,1
新区管委会根据国家和上海市的有关规定,1
结合浦东开发实际,1
及时出台了一系列规范建设市场的文件,1
其中包括工程施工招投标管理办法、拆迁工作若干规定、整治违章建筑实施办法、通信设施及管线配套建设意见、建设工地施工环境管理暂行办法等,1
基本做到了每个环节都有明确而又具体的规定,1
建筑公司进区,1
有关部门先送上这些法规性文件,1
然后有专门队伍进行监督检查,1
尽管浦东新区制定的法规性文件有些比较“粗”,1
有些还只是暂行规定,1
有待在实践中逐步完善,1
但这种法制紧跟经济和社会活动的做法,0
受到了国内外投资者的好评,1
他们认为,0
到浦东新区投资办事有章法,1
讲规矩,1
利益能得到保障,1
海关统计表明,0
“八五”期间（一九九０年—一九九五年）,0
中国外商投资企业的进出口呈直线上升之势,1
出口年均增长百分之四十三点二,1
进口年均增长百分之三十八点六,1
去年实现进出口总值达一千零九十八点二亿美元,1
占全国进出口总值的比重由上年的百分之三十七提高到百分之三十九,1
外商投资企业在改善中国出口商品结构中发挥了显著作用,1
去年外商投资企业出口商品中,0
工业制成品占九成以上,1
达四百三十八点八亿美元,1
比上年增长了百分之三十六点七,1
明显高于全国平均水平,1
外商投资企业的出口商品仍以轻纺产品为主,1
其中,0
出口额最大的商品是服装,1
去年为七十六点八亿美元,1
而进口商品则以机械设备和工业原材料为主,1
中国十四个边境对外开放城市一九九五年经济建设取得可喜成果,1
据统计,0
这些城市去年完成国内生产总值一百九十多亿元,1
比开放前的一九九一年增长九成多,1
国务院于一九九二年先后批准了黑河、凭祥、珲春、伊宁、瑞丽等十四个边境城市为对外开放城市,1
同时还批准这些城市设立十四个边境经济合作区,1
三年多来,0
这些城市社会经济发展迅速,1
地方经济实力明显增强；经济年平均增长百分之十七,1
高于全国年平均增长速度,1
据介绍,0
这十四个城市的城市建设和合作区开发建设步伐加快,1
三年来,0
这些城市累计完成固定资产投资一百二十亿元,1
昔日边境城市的“楼不高，路不平、灯不明、水不清、通讯不畅”的状况已得到了改变。经济合作区内已开发二十二点六平方公里，引进“三资”企业二百八十七家,1
实际利用外资八点九亿美元,1
此外,0
还有内联企业五千一百家,1
已投产工业项目一百七十五个,1
中国建筑市场近年来对外开放步伐进一步加快,1
据初步统计,0
目前在中国境内承包工程的国外承包商已有一百三十七家,1
承包的工程达一百四十一项,1
其中最大规模的项目达二十七点七亿元；中外合资合作的建筑企业近二千家,1
中国建筑业对外开放始于八十年代,1
十几年来,0
已有美国、日本、法国、英国、德国、芬兰、意大利、新加坡、香港、台湾等十几个国家和地区的境外企业进入中国进行工程总承包或工程分包,1
世界上最大的二百二十五家国际承包商中,0
有十几家已进入中国,1
其中不少公司与中国公司合资合作进行建设,1
根据建设部的规定,1
凡属于国际金融组织贷款并由国际公开招标的工程全部由外国投资或赠款建设的工程,0
以及国内企业在技术上难以单独承包的中外合资建设工程,0
境外建筑企业在取得中国审批的外国企业承包工程资质证后,1
皆可进入中国境内承包建设项目,1
一九九五年九月建设部和外经贸部联合发布的《关于设立外商投资建筑业企业的若干规定》,0
使中国的建筑市场从允许境外企业到中国承包工程进入到允许境外企业到中国办合资建筑企业,1
“八五”（一九九一至一九九五年）期间,0
西藏金融体制改革坚持与全国框架一致、体制衔接的方针,1
顺利完成了西藏各级人民银行的分设工作,1
实现信贷资金使用从粗放型经营方式向集约型经营方式转变,1
去年,0
全区各项存款首次突破了年净增二十亿元大关,1
据中国人民银行西藏自治区分行行长索朗达吉介绍,0
“八五”期间,0
西藏自治区分行在全国率先撤销了人民银行县支行,1
中国农业银行西藏自治区分行于去年七月一日正式对外挂牌营业,1
实现了金融体制在框架上与全国一致,1
外汇体制改革实现了与全国接轨,1
结售制度和新的核销制度在西藏全面实施,1
有效地防止了外汇流失,1
去年全区各项存款和贷款的增幅远远高于经济发展速度,1
实现了年初金融工作会议提出的要求,1
西藏银行部门积极调整信贷结构,1
以确保农牧业生产等重点产业的投入,1
加大对工业、能源、交通、通信等建设的正常资金供应量,1
去年新增贷款十四点四一亿元,1
比上年增加八亿多元,1
农牧业生产贷款（包括扶贫贷款）比上年新增四点三八亿元；乡镇企业贷款增幅为百分之六十一点八三,1
到去年底,0
全区各项存款余额达七十一点六三亿元,1
比上年同期增长百分之四十一点七八,1
其中,0
城乡居民储蓄存款为十九点三七亿元,1
比上年同期增长百分之四十八点二,1
“八五”期间各项存款比“七五”（一九八六至一九九０年）末净增五十亿元,1
年平均增长百分之二十七点四九,1
在新增的储蓄存款中,0
定期存款占百分之七十二点一五,1
货币回笼的增加,0
为平抑全区物价发挥了作用,1
据中国人民银行统计,0
截至去年底,0
中国金融机构对三资企业的人民币贷款余额已达九百九十五点六亿元,1
这一数字比上年末增加二百零三点三亿元,1
增长百分之二十七点六,1
据了解,0
近几年,0
随着中国经济的不断发展和对外开放的不断深入,0
外商来华投资热情很高,1
投资项目和金额增长十分迅速,1
据统计,0
迄今中国已累计批准外商投资项目近二十五点九万个,1
实际使用外资金额一千三百五十四亿美元,1
目前,0
已有十二万多家外商投资企业在中国开业,1
而且这些已开业的外商投资企业绝大部分生产经营状况较好,1
据国家税务总局统计,0
去年全国外商投资企业和外国企业缴纳的所得税达七十五点六七亿元,1
比上年增长百分之五十七点一,1
据了解,0
在外商投资企业获得的人民币贷款中,0
有近一半是中国银行提供的,1
仅去年中国银行就累计向外商投资企业提供了六百九十多亿元的人民币贷款,1
另外还向外商投资企业发放外汇现汇贷款四十多亿美元,1
这些贷款重点支持基础原材料、化工、机械等行业,1
据统计,0
到去年底,0
中国银行向外商投资企业累计发放的外汇现汇贷款和人民币贷款达到二百一十亿美元和二千五百九十三亿元,1
人民币贷款余额已近四百五十四亿元,1
目前,0
约有十五万家外商投资企业在中国银行开立帐户,1
其中二万多家获得中国银行的贷款支持,1
据中国银行有关负责人透露,0
今年中国银行仍将继续发挥其在支持外商投资企业方面的主渠道作用,1
对投资企业的贷款规模将保持适度增长,1
贷款将向能源、交通、电力等基础设施产业倾斜,1
尤其以国外大公司在华设立的大中型企业为重点；此外,0
高技术、高科技、高出口、高利税的企业也将获得中国银行的贷款支持,1
经中国海关总署批准设立的上海海关驻崇明办事处于日前成立,1
并正式对外办理业务,1
崇明是中国第三大岛,1
具有优越的地理条件和悠久的历史,1
改革开放以来,0
崇明县的经济建设和对外开放发展迅猛,1
外商投资企业不断增多,1
进出口货物大量增加,1
是中国综合实力百强县之一,1
随着崇明海关办事处的设立,0
崇明县内的单位足不出岛就可以办理一切海关手续,1
这对进一步改善崇明县的投资环境,0
加快吸引外资,0
方便快捷地办理海关手续,0
把崇明建设成对外高度开放的大型贸易港口,0
带动出口加工、航运中转等外向型经济的发展,0
将起到积极的作用,1
数年前,0
北海还是北部湾一个默默无闻的小渔村,1
然而三五年时间北海已建成了一个现代化都市的框架,1
街上客流如潮,1
楼房拔地而起,1
北海已成为中国对外开放中升起的一颗明星,1
北海市的崛起,0
是近年来广西壮族自治区对外开放取得卓著成就的重要标志之一,1
现在广西已初步形成了沿海开放城市、沿海经济开放区、边境开放城镇相结合,0
由沿海、沿边、沿江向腹地推进的多领域、多层次的对外开放总体格局,1
统计资料显示,0
过去五年广西对外贸易和利用外资规模迅速扩大,1
进出口贸易额累计达到一百亿美元,1
其中出口六十八点七亿美元,1
分别比“七五”时期（一九八六至一九九０年）增长一点七八倍和一点四三倍；实际利用外资累计达到三十三点二四亿美元,1
占改革开放以来累计总额三十八点三九亿美元的百分之八十四点四；边贸成交额一百二十四亿元,1
近年来,0
广西壮族自治区政府对全区经济发展战略、发展目标和发展布局作了重大调整,1
进一步加快改革开放,1
并制定了引进外资、加强横向经济联合和对外下放权三个文件,1
在开放开发布局上,0
广西以北海、钦州、防城为对外开放重点,1
充分发挥首府南宁对外开放城市的作用,1
促进沿海、沿边、沿江进一步开放；办好柳州市城市综合改革试验区、玉林地区城乡综合改革试验区、桂林旅游开发试验区,1
建设右江河谷扶贫经济开发带、红水河水电为主的扶贫综合开发带,1
并投资一千三百多个亿,1
加强基础设施和基础产业建设,1
为扩大对外开放创造良好环境,1
为了进一步扩大对外开放,1
推动外向型经济的发展,1
广西出台了一系列利用外资的政策,1
近几年来,0
外商投资广西相当活跃,1
生产性项目、大型骨干项目增多,1
实力雄厚的日本伊藤忠株式会社、韩国大宇集团和香港长江实业集团等大型公司纷纷来广西投资,1
到去年底,0
广西“三资”企业已突破六千家,1
利用大西南出海通道的便利,1
广西还加强与四川、云南、贵州、湖南、西藏、上海等省区市的横向经济联合,1
据不完全统计,0
广西仅与西南三省一区（四川、贵州、云南省和西藏自治区）实施了一千多个协作项目,1
协议资金数十亿元,1
如今,0
甘肃省的外资企业已不再为投资风险担忧,1
为确保对外开放的顺利进行,1
“八五”期间（一九九一至一九九五年）,0
甘肃省涉外保险业发展迅速,1
累计已经提供六百一十一亿元的风险保障,1
承保范围包括财产、责任、信用、人身四大类主、副六十多个险种,1
据甘肃省有关部门介绍,0
“八五”以来,0
甘肃省利用外资蓬勃发展,1
依据经济发展和海外投资商的需要,1
中国人民保险公司甘肃省分公司适应外商要求,1
提供了设备的引进到运输、从安装到形成固定资产期间的全套保险,1
为外商解除了后顾之忧,1
特别是为正大公司、华兴铝业公司等外商投资企业开办了常规的运输保险、资产保险、汽车保险等保险业务,1
还适时进行雇主责任险、投资保险、利润损失险等新险种,1
满足了外商投资需求,1
使外商投资企业投保率达到百分之九十以上,1
据统计,0
“八五”期间,0
人保公司为甘肃省进出口贸易承担风险金额达七点七一亿元,1
支付赔款一千三百八十五点五万元,1
有力地促进甘肃省进出口贸易发展,1
世界银行贷款的“引大入秦”工程是全国最长的自流灌溉水利工程,1
甘肃省人保公司为其中十三家中外承包商提供各类风险保障额达六点九三亿元,1
他们还为国家重点工程兰化化肥厂改扩建工程提供了一点九亿美元的安装工程保险保障,1
针对甘肃旅游业的发展需求,1
人保公司积极推出海外游客保险,1
还在国内首家推出海外散客保险办法,1
使“八五”期间凡到甘肃观光游览的海外游客全部得到保险保障,1
甘肃省还积极探索高风险业务,1
“八五”期间,0
参与卫星发射的共保,1
分担的风险金额达一千万元,1
支付赔款五百万元,1
成为西北首家参与航天业务的公司,1
同时积极开拓海外市场投保业务,1
为省国际公司中标的津巴布韦公路项目提供近三千万美元的建筑工程一切险；为兰州石油化工机械厂海外部,1
新加坡石油钻井平台提供了责任限额一千三百万美元的风险保障；为甘肃省海外经贸洽谈会和海外劳务输出人员提供有关保险项目,1
还为省火电公司海外业务提供配套保险服务,1
中国进出口银行最近在日本取得债券信用等级ＡＡ－,1
这是日本金融市场当前对中国银行的最高债券评级,1
日本公社债研究所确定中国进出口银行债券信用等级为ＡＡ－,1
与日本评级机构内部对中国主权信用等级的评级一致,1
去年十月,0
中国进出口银行聘请日本野村证券公司作顾问,1
向日本著名的评级机构日本公社债研究所提出正式评级申请,1
进出口银行决定先在日本取得信用评级是为进入国际资本市场融资创造作准备,1
以便扩大资金来源,1
支持中国机电产品和成套设备出口,1
进出口银行通过书面介绍、实地考察等形式向日本公社债研究所全面介绍了今年来中国金融体制改革的情况、银行成立的背景、银行管理和运营机制、银行业务发展现状以及以后的发展目标,1
使之对中国进出口银行有了较深的了解,1
到目前为止,0
全区已有四百一十家企业,1
被认定为高新技术产业的有二百二十三家,1
其中大专院校、大型科研院所和大中企业开办的企业约占百分之七十,1
迄今已有二十多家高新企业与十多个国家和地区联合,1
兴办了七十八家外商投资企业,1
去年,0
开发区技工贸总收入达三十亿元,1
税利４亿元,1
出口创汇二千万美元,1
这个开发区位于中国著名风景旅游城——杭州市区内,1
是一九九一年国务院批准建设的国家级高新技术产业开发区,1
产品、项目水平高,1
是该区的重要特点,1
据了解,0
进区的每个企业都有一至多个高新技术项目或产品,1
目前区内已有五百五十多个高新技术项目或产品进入商品化生产或推广应用,1
其中五十七项被批准列入国家、省、市火炬计划,1
其数量比例在全国高新技术产业开发区中名列前茅,1
重点发展的医药与生物技术、新材料、计算机及应用、光电一体化等产业已初具规模,1
重大科技成果迅速转化为现实生产力,0
是这个开发区的突出特点,1
由浙江医科院院长、中国科学院士毛江森主持在世界上率先研究成功,1
并具有国际先进水平的甲肝减毒活疫苗,1
去年经卫生部批准正式投入生产和使用,1
目前该区生产此疫苗的普康公司已形成年产五百万人份的生产规模,1
这对有效地控制甲肝流行具有重大意义,1
新材料重大成果的转化在该区尤为突出,1
曾荣获国家重大发明奖的以氮作保护气直拉硅单晶技术,0
已由该区浙大半导体厂转化为国内外同类产品中的佼佼者,1
目前硅单晶年产已达二十多吨,1
居全国第一,1
其销售市场已从国内和东南亚扩展欧美许多国家,1
据台“经济部”统计,0
去年两岸贸易额为二百零九亿美元,1
其中,0
台湾对祖国大陆输出值为一百七十八亿美元,1
比上一年增长百分之二十；输入值为三十一亿美元,1
比上年增长百分之七十四,1
台湾在两岸贸易中顺差一百四十七亿美元,1
统计还显示,0
台商投资祖国大陆正趋向大型化,1
去年经台当局核准的台商投资案共四百九十项,1
金额为十点九二亿美元,1
在投资项目上比上年减少四百四十四件,1
但投资金额却比上年增加一点三亿多美元,1
古老的京杭大运河如今不仅在贯通南北运输方面发挥重要作用,1
而且带动起一条欣欣向荣的工业走廊,1
形成了大运河经济带,1
京杭运河古来繁华,1
两岸商贾云集,1
贸易发达,1
随着中国对大运河的整治,0
运河航道状况得到极大改善,1
许多企业纷纷看好这条“黄金水道”,1
积极在此投资建厂,1
沿河企业星罗棋布,1
据初步统计,0
仅运量在万吨上的企业就有二千多家,1
小的乡镇企业则不计其数,1
大运河作为一条水运大动脉,1
为沿岸企业提供了运输和给排水之便,1
成为企业发展的生命通道,1
据江苏苏钢集团公司负责人介绍,0
苏钢每年要靠大运河运输原料、成品一百五十万吨,1
其中煤炭从徐州运来,1
走运河比走陆路运费每吨便宜十五元,1
仅此一项大运河每年就为厂家节约成本二千多万元,1
运河整治后,1
苏钢在运河对岸建了新厂区,1
并自筹资金建设了一座跨运河大桥,1
把新厂、老厂连为一体,1
运河沿岸企业涉及钢铁、电力、建材、机械等行业,1
多为当地经济支柱,1
常州市沿运河两岸零点五平方公里范围内,0
大型厂矿企业有一百八十六家,1
在常州重点培育的十大支柱产业中,0
动力机械工业、汽车工业、工程机械工业、输变电设备工业等七大产业均沿河分布,1
无锡市沿运河企业有五百多家,1
超亿元产值的大型企业有五十多家,1
成为无锡市经济发展的主骨架,1
镇江市沿运河分布各类企业四百三十五家,1
年产值二十二亿元,1
利税一点六八亿元,1
是镇江经济的主要支柱,1
扬州市傍河而建的各类企业一百三十余家,1
该市的名牌产品、支柱产业、外向型经济大多沿河分布,1
成为扬州经济新的生长点,1
大运河的大规模整治,1
改善了沿河市县的投资环境,1
以良好的水运优势吸引外商投资,1
促进了外向型经济的发展,1
常州市的大多数重点推进利用外资项目和招商项目分布在运河两岸,1
镇江市近年依托大运河建厂的外商独资企业就有八家,1
合资企业更多,1
正值中国与韩国双边贸易额大幅增长之际,0
一项大型的中韩经贸研讨会将于今年四月十八日至十九日在北京举行,1
这是中韩双方首次举办的专门讨论两国经贸交流与合作的大型研讨会,1
业内人士认为,0
它将为中韩两国经贸界提供一次扩大交流与合作的良机,1
近年来,0
中韩两国之间的经贸往来发展迅速,1
截止去年九月,0
韩国在华投资企业总数为五千八百八十三家,1
中国已成为韩国最大的投资对象国,1
据中国海关统计,0
一九九五年两国贸易额已达一百六十九点八亿美元,1
比前年增长百分之四十四点八,1
经济专家预计,0
今年中韩两国贸易额将增至二百五十亿美元,1
据悉,0
在中韩首次举办的专门讨论两国经贸交流与合作的大型研讨会上,0
中国有关部委的权威人士将在会上着重介绍中国即将公布的一系列对外贸易及合作的新政策,1
其中包括有关降低进口产品关税、外资企业出口产品退税、外资企业进口设备取消减免税以及加工贸易保证金台帐制度等海外投资者十分关注的问题,1
此外,0
经贸界人士关心的中韩在汽车、民用航空、高清晰度电视和程控交换机四大领域的合作谈判进展情况,1
也是此次研讨会主要议题之一,1
这次中韩经贸研讨会由中国新华通讯社对外部、对外贸易经济合作部亚洲司与韩国驻华使馆、大韩贸易振兴公社联合举办,1
据称,0
研讨会上还将介绍韩国中小企业家们尤为关注的中国国内流通领域的对外开放问题,1
深圳市沙头角保税区今后五年将充分发挥保税区的区位优势和政策优势,1
以高新技术产业为先导,1
积极调整产品结构,1
实施以转口贸易和仓储业为辅助的经营战略,1
把沙头角保税区建成按国际惯例运作、国内领先的特殊综合经济区域,1
使其成为该市外向型经济的快速增长点,1
为实现上述规划,1
沙头角保税区除继续完备相应的物质条件和政策法规、管理体制、运作机制、人才等条件外,1
并推出下列措施予以保障,1
－－真正按照国际惯例运作,1
以国际上通行的“自由贸易区”为参照目标，以“境内关外”为监管模式,1
逐步做到区内的人员、货物、资金与境外自由流动,1
实现与国际市场的充分对接,1
－－继续优化投资硬环境和软环境,1
以建立保税区管理局为契机,1
实现领导一元化、机构一体化、工作“一站式”、服务“一条龙”,1
－－积极做好招商引资工作,1
今后五年要加快引资步伐,1
逐步调整产业结构、产品结构和企业结构,1
实现“三个转变”,1
即从单一的出口加工向综合性功能发展,1
从以传统的产业为主转变为重点发展新技术产业；从零散状态的小规模引进为主转变为积极引进国外跨国公司和集团的大型工贸项目,1
根据沙头角保税区的“九五”计划,0
到本世纪末,0
保税区的出口加工年产值将达一百五十亿元,1
年出口创汇十五亿美元,1
年进口贸易总额二亿美元,1
年仓储能力达到二十万吨,1
沙头角保税区是中国目前最早创办的保税区,1
各项经济指标仍居全国同行前列,1
去年实现工业产值二十点五亿元,1
出口创汇一点五亿美元,1
八年来,0
先后有十多个国家和地区的客商进保税区投资,1
到去年十二月底,0
已累计批准外商投资企业二百一十六家,1
国家统计局预测,0
一九九六年全球经济将继续保持增长,1
这种良好的态势对中国的发展十分有利,1
使其面临很多发展机遇,1
据预测,0
今年全球经济增长幅度可达到百分之四点一,1
推动经济增长的主要因素是亚洲地区经济发展依然强劲有力,1
全地区经济增长速度将达到百分之七点九,1
而中国增长速度可高达百分之九点七,1
国家统计局分析,1
对中国经济发展十分有利的条件主要有两方面：一是世界经济和国际贸易持续增长,1
标志国际市场需求的稳步扩大,1
为中国出口贸易发展提供了比较有利的国际环境,1
二是一九九六年中国大幅度降低关税,1
将进一步改善中国的投资环境,1
吸引更多外商前来投资,1
分析表明,0
在机遇良多、国际形势十分有利的情况下,0
中国今年经济发展仍面临严竣挑战,1
在经济快速增长的背后还存在不少困难,1
其中突出问题是通货膨胀、农业基础薄弱、国有企业活力不足等,1
在进行全球贸易自由化的同时,1
中国必须对国有企业进行改革,1
增强本身的竞争力,1
当前一些国有企业经营困难,1
而且国有企业负债高达七千亿元,1
其产品质量也参差不齐,1
如无改进,1
很难在海外市场参与竞争,1
据分析,0
当前发展中国家经济的迅速崛起,1
使中国在吸引外资、引进技术、拓展市场及发展高科技等领域也面临激烈的国际竞争,1
这是国家开发银行首次在国际资本市场发行债券,1
由日本野村证券株式会社和日本兴业银行证券株式会社作为联合主干事,1
发行期限十年,1
到期一次偿还,1
据了解,0
这次发行武士债券的条件是近几年来比较优惠的,1
筹集的资金将主要用于广东岭澳核电工程、伊敏电厂和绥中电厂等国家重点建设项目,1
一九九五年,0
国家开发银行成功地组织了首次五千万美元外国银团贷款,1
同时承做了岭澳核电工程、秦山二期核电等项目的国外出口信贷的转贷,1
从内资和外资两个方面不断加大对重点建设项目的支持力度,1
为推动中国经济发展发挥了积极的作用,1
专家们认为,0
在中国的五个经济特区中,0
海南的地理位置、资源条件、经济发展状况较为特殊,1
应进一步扩大对外开放,1
率先实现与亚太区域经济一体化和国际贸易自由化的对接,1
建议提出海南应在近期采取以下措施,1
一是继续鼓励和支持外来投资,1
加速实现中央提出的以利用外来投资为主加速开发建设的要求；二是在一定时期内采用优惠政策,1
大力发展现代农业和国际旅游业；三是以建设洋浦保税区和三亚国际性旅游城市为突破,1
带动全岛的对外开放,1
这些建议分为六个部分,1
分别是：按照“一线放开，二线隔离”的原则加速洋浦保税区的开发建设；借鉴国际经验,1
尽快把三亚建设成国际性旅游城市；采取优惠政策扶持和鼓励海南热带农业及加工业的发展；努力争取实现琼台农业项下的自由贸易；鼓励和支持海南与外资合作,1
开发南海海洋资源；按照扩大对外开放的要求,1
允许和鼓励海南大胆进行各项改革试验等,1
总面积二点三平方公里的宁波保税区,0
经过三年建设,1
已取得丰硕成果,1
宁波保税区是中国十三个保税区之一,1
于一九九二年经国务院批准设立,1
目前,0
保税区的各项功能已初具规模,1
开发水平在中国各保税区中名列前茅,1
据统计,0
至去年年底,0
宁波保税区累计完成进出口贸易额八点一二亿美元,1
仅去年一年通过保税区海关的进出口贸易额就达三点六五亿美元,1
目前,0
区内已有十个保税仓库,1
仓储面积达八万多平方米；仅去年一年,0
区内储有货物就达二十六点二七亿元人民币,1
随着从今年四月开始中国对保税区外有关特殊政策的调整,0
保税区免证、免税,1
保税政策的稳定性优势显得更为明显,1
国内外一大批实业加工项目相继在区内落户,1
到去年十二月底,0
区内已累计设立企业一千六百一十四家,1
总投资达十二亿美元,1
其中外商投资企业二百六十家,1
实际利用外资一点一三亿美元,1
另外,0
众多国内企业也通过保税区与国际市场接轨,1
为了在运行机制上与保税区相配套,1
宁波保税区率先在中国实施了企业依法注册直接登记制的试行一站式管理,0
一次性办理,1
同时,0
保税区大力抓好区内信息高速公路的网络体系建设,1
为实现现代化管理创造良好的配套条件,1
位于中国山西、陕西、河南三省交界处,0
人称黄河“金三角”的风陵渡经济开发区,0
日益受到中外客商的注目,1
成为新的投资热点,1
风陵渡经济开发区是中国境内唯一一个依托小城镇建成的开发区,1
也是内陆省份山西省对外联系的新通道,1
经过三年多的建设,0
这一开发区已初具规模,1
成为木材、药材、烟草、服装、粮油、工业品等多种商品流通的综合性批发市场,1
目前,0
开发区内楼房林立、商贾云集,1
一座投资六千万元的多功能现代化商城——金三角新庄的建设已近尾声,1
二千门程控电话已投入使用,0
十千伏高压电路运转正常,1
吸引着大批投资者,1
柠檬厂、香料厂、特种油漆厂等三十余家工厂的产品源源不断地输送到内陆各地,1
新建的骨科、妇科、儿科三个专科医院,0
设备先进,1
已开门应诊,1
迅速崛起的金三角引起了境外客商的注视,1
目前已有美、法、日、韩、台等国家和地区的五十多家财团与客商正在对三十一个项目进行洽谈,1
投资总额高达三点二亿元,1
长江三峡工程近日引进第一笔外资,1
这笔数额为一千二百五十万美元的贷款是加拿大政府向三峡工程提供的出口信贷,1
主要用于三峡工程的管理系统,1
三峡工程管理系统将引进加拿大ＭＡＩ公司科学的管理办法和先进的计算机技术,1
以工程数据库管理系统为核心,0
对三峡工程的各分项工程的设计、计划、合同、财务、物资、设备、施工、安装的全过程进行控制和管理,1
一九九五年十月,0
中国长江三峡工程开发总公司总经理陆佑楣赴加拿大签定了有关商务合同,1
这个出口信贷项目委托中国银行为代理银行,1
商务代理为中国电子进出口总公司,1
二月二十八日,0
中国银行三峡分行与中国长江三峡工程开发总公司签订了项目转贷协议合同,1
浙江省今后将进一步提高对外开放水平,1
努力扩大对外贸易、利用外资和国际经济技术合作,1
并逐步完善对外经贸营销网络,1
到目前为止,0
该省共有三十四个市、县被列为沿海经济开放市县,1
占全省总面积的百分之四十四,1
其中国家级的各种开发区七个,1
还有一批省级经济开发区和省级农业开发区,1
此外,0
经国务院批准成片开发建设的宁波大榭岛实行经济技术开发区的优惠政策,1
浙江“九五”经贸发展规划还决定,1
今后要把全面推进对外开放向高层次、宽领域、纵深化发展作为重点,1
围绕发挥杭州、宁波、温州等中心城市对外开放的先导作用,1
加快浙江中西部地区和农业、海岛、海洋的对外开放力度,1
探索扩大金融和零售商业进行中外合资、合作的试点,1
争取在长江三角洲经济带的开发开放中创造新优势,1
据了解,0
未来五年间,0
浙江将大力实施出口商品“龙头”计划,1
启动外贸发展基金,1
促使外贸出口的增长方式由粗放型、数量型转变为集约型和效益型,1
形成外贸出口的新的增长优势；利用外资将重点引导外资投向基础设施、原材料工业、农业、高新技术和新兴产业,1
积极探索企业产权转让等投资方式,1
开辟利用外资的新渠道,1
据这个规划确定的目标,0
到二０００年,0
浙江省进出口总额将达到二百亿美元,1
其中出口一百五十亿美元,1
进口五十亿美元；“九五”期间利用外资额将达到六十亿美元,1
其中外商直接投资五十亿美元,1
在占福建经济总量“半壁江山”的乡镇企业发展中,0
闽东南地区继续发挥了龙头作用,1
去年,0
福州、厦门、泉州、漳州、莆田五地市乡镇企业经济总量占全省百分之七十以上,1
据福建乡镇企业局统计,0
一九九五年福建省乡镇企业总产值已达二千三百八十一点五亿元人民币,1
其中工业产值一千五百五十九亿元人民币,1
全年创利润一百零九亿元人民币,1
乡镇企业创造的国民生产总值约占福建省国民生产总值的三分之一,1
“八五”期间（一九九一至一九九五年），福建省乡镇企业累计上缴了一百八十五点六亿元人民币的税金，完成出口交货值一千零五十五亿元人民币。全省已有十一家乡镇企业跻身中国“最佳经济效益乡镇企业”行列,1
目前,0
福建省已涌现出一批科技含量较高、发展后劲较足的乡镇企业或乡镇企业集团,1
据统计,0
在全省一百九十一个已建立的乡镇企业集团中,0
产值上亿元人民币的已达五十多个,1
有些已达五至十亿元,1
福州鼓山镇的福兴投资区、晋江安海的桥头工业区均成为全国乡镇企业示范小区,1
最近一个时期,0
地处中国沿边开放前沿的内蒙古呼伦贝尔盟采取一系列措施,1
大力改善投资环境,1
加快对外开放步伐,1
呼伦贝尔盟位于中国北疆边陲,0
与俄罗斯、蒙古接壤,1
在境内长达一千六百多公里的边境线上,0
分布着国家一、二类口岸九个,1
为充分发挥地缘优势,1
进一步加快对外开放步伐,1
呼伦贝尔盟自去年下半年开始,0
认真总结在对外开放方面存在的问题和不足,1
大力开展了“创造良好开放环境”活动,1
从去年十月份开始,0
呼伦贝尔盟出台了新的《对外开放优惠政策》,1
为制止乱收费、乱罚款和乱设卡,1
除勒令取消一百四十八项不合理收费外,1
对集体、个体私营经济实行“缴费明白卡、登记卡”制度,1
目前,0
全盟已撤掉各类堵卡站二十多个,1
在海拉尔市,0
重点抓了办事效率低的整顿问题,1
三资企业的审批速度已由原来的一个月左右限定在七天以内,1
盟工商部门对个体私营企业申办营业执照实行一张表格、一张照片、一张身份证、一天办完的工作制度,1
商检部门将原来七至十天完成的产地检验时间缩短到一至三天,1
黑山头口岸联检部门将原来要二至三天办完的出入境手续改为一天办完,1
迄今,0
呼伦贝尔盟十三个旗市已全部进入全国电话直拨网,1
并成为中国最大的电话本地网,1
海拉尔、满洲里等城市先后建起星级宾馆饭店十余所,1
去年,0
海拉尔飞机场扩建成为国际航空港,1
三０一国道海拉尔至满洲里段建成通车,1
额尔古纳河航运试航成功,1
使呼伦贝尔盟形成了铁路、公路、水路和空中立体开放、多口通商的新格局,1
适应了国内外客商来呼盟观光旅游、洽谈生意的需要,1
投资环境的改善,1
吸引了国内外大财团、大企业的雄厚资金、先进经验、先进技术接踵而至,1
加拿大太平矿业有限公司投资二千九百七十万元与呼盟一家铅锌银矿联合建立了有限责任公司,1
瑞士特联投资集团投资二千万美元与宝日希勒煤矿联合建立六十万千瓦的电站,1
美国环球集团有限公司与满洲里国际贸易公司联合改组了满洲里服装厂,1
据不完全统计,0
一九九四年以来,0
呼盟新建三资企业四十二家,1
累计引进国外资金四千多万美元、国内资金六千多万元,1
引进国内外先进技术三十多项,1
与东北、华东、华南、北京等地结成合作对子一百多个,1
据了解,0
去年呼盟易货贸易完成三点五亿美元,1
比上年现汇贸易成倍增长,1
出口创汇一千零三十七万美元,1
是上年的四倍多,1
经济技术合作完成二千八百三十万美元,1
是上年的一点五倍,1
据海关总署提供的统计数据,0
今年一至二月份中国对外贸易进出口继续保持增长势头,1
进出口总值达三百六十一亿美元,1
比去年同期增长百分之十三点九,1
其中出口为一百七十八点三亿美元,1
比去年同期下降百分之一点三；进口一百八十二点七亿美元,1
增长百分之三十四点一,1
今年一至二月份,0
中国一般贸易出口明显下降,1
加工贸易继续稳定增长,1
加工贸易进出口总额达一百八十四点九亿美元,1
比去年同期增长百分之二十三点六,1
占全部进出口总额的百分之五十一点二,1
经济特区进出口总值为四十二点九亿美元,1
增长百分之三点四,1
保税区进出口总值为四点九亿美元,1
增长一点三倍,1
中国机电产品进出口贸易继续增加,1
占总进出口的比重继续上升,1
其中,0
出口五十七点九亿美元,1
占总出口的百分之三十二点五；进口八十五点二亿美元,1
占总进口的百分之四十六点四,1
均比去年同期有所上升,1
中国主要轻纺、农副产品出口则比去年同期下降,1
除个别产品如钢材、食糖、汽车等以外,0
其它主要进口产品则全面增长,1
其中,0
初级形状塑料进口一百一十万吨,1
增长百分之四十七点七,1
价值九点五亿美元,1
成为今年以来中国最大的单项进口商品,1
外商投资企业一至二月份进出口总值为一百六十五点九亿美元,1
占全国进出口总值的比重由去年同期的百分之三十七上升到百分之四十五点九,1
记者从日前在此间召开的大连市对外开放工作会议上获悉,0
一九九五年,0
大连市“三资”企业出口额达十四点四亿美元,1
占这个市出口额的一半还多,1
大连是中国常驻外商最集中的城市之一,1
目前已有外商投资企业五千二百二十六家,1
合同金额一百五十八点一亿美元,1
协议外资金额八十二点七亿美元,1
实际利用外资三十一点六亿美元,1
据介绍,0
大连市去年外贸出口在种种不利条件下仍保持了持续增长的势头,1
全年出口额达二十五点二四亿美元,1
比前年增长了两成半以上,1
高于大连市国内生产总值增长幅度,1
也高于全国外贸出口的平均增长水平,0
在中国各城市出口排名中列第七位,1
这其中,0
三资企业出口的稳步增长起到了主力军的作用,1
去年,0
三资企业出口比前年同期增长了百分之十五点七,1
达十四点四亿美元,1
佳能大连办公室设备有限公司、万宝至马达大连有限公司出口额均超过一亿美元,1
东芝大连有限公司、大连斯大精密有限公司和欧姆龙大连有限公司出口额也达到六千万美元以上,1
这些三资企业以其出口商品技术密集、质量先进提高了大连出口商品的档次,1
使大连市出口商品结构向精加工制成品方向优化,1
目前,0
大连市出口商品结构中,0
初级产品只占据不到三成,1
而工业制成品比重达七成以上,1
其中,0
机电产品大幅增长,1
占出口总额的四成多,1
统计资料表明,0
大连对韩出口已达一亿多美元,1
越来越多的韩国企业正在看好大连,1
韩国对大连投资已连续三年保持持续增长,1
去年,0
大连批准的韩国投资企业达一百六十六家,1
协议外资金额达三点二亿美元,1
分别比前年增长了三成多和一倍半,1
自１９８８年以来,0
缅甸已同中国、印度和孟加拉国签订了边境贸易协定,1
据缅甸官员透露,0
１９９５年,0
缅泰两国贸易总额超过３亿美元,1
班汉是自１９８０年下半年以来首位访问缅甸的泰国总理,1
据认为,0
此次访问的目的是为了改善和发展两国关系,1
加强双边经贸合作,1
扩大泰国在缅甸的投资,1
美国通用电气与中国医疗器械工业公司西南医用设备厂近日签定合同,1
共同投资六百万美元,1
在成都成立合资企业,1
据悉,0
这是通用公司在华投资成立的第十四家合资企业,1
目前,0
通用在华投资总额已达一亿五千万美元,1
这家名叫成都通用医疗设备（西南）有限公司的新企业将主要从事开发、生产、制造、组装销售医用诊断用Ｘ光设备,1
以及进出口贸易、咨询和技术合作等,1
除建立合资企业外,0
通用还通过飞机和集装箱租赁向中国投入十亿多美元,1
通用现在华职工超过八千名,1
另外,0
一九九四年,0
通用在中国购买了四千多万美元的产品,1
并计划在今后两年增加对中国产品的购买量,1
中国工业大省辽宁今年年初进出口贸易全面增长,1
今年前两个月,0
进出口贸易总额达十二点四亿美元,1
比去年同期增长百分之六,1
据统计,0
今年一至二月份,0
辽宁出口总额完成十亿美元,1
比去年同期增长百分之四点七,1
其中,0
以工业制成品为主的地方产品出口额为七点八亿美元,1
辽宁省的三资企业外贸出口比重开始加大,1
一至二月份,0
全省三资企业出口额达二点六亿美元,1
比去年同期增长一倍,1
占全省外贸出口总额的比重比去年同期提高十二个百分点,1
目前,0
辽宁省拥有省、市、县各类外贸进出口公司一百多家,1
有进出口经营权的大中型生产企业二百多家,1
有经营进出口业务的外商投资企业一千五百多家,1
去年全年共完成进出口总额一百零九点九亿美元,1
据了解,0
新建的五家保险公司,0
三家是全国性的,1
两家是地区性的,1
泰康人寿保险股份有限公司筹备处负责人陈东升称,0
这家公司将按照现代企业制度建立,1
由中国国际旅行社、中国对外贸易运输总公司等发起,0
募集五亿元人民币企业法人股本,1
中国现有保险公司二十六家,1
境外保险公司在中国设立办事机构的有一百多家,1
保险界人士表示,0
随着中国保险市场的逐步对外开放,0
迅速发展民族保险事业十分重要,1
这次批准建立的五家保险公司,1
可以说是由此推出的一大举措,1
今天,0
由中国贸易促进会广东分会与香港中华总商会联合主办的“九六税改及进口原料台帐制执行实务研讨会”在广州举行,1
向港澳及内地客商介绍今年国家将实行的外经贸三大政策调整,1
今年国家实行外经贸三大政策调整包括调低出口退税率、对加工贸易进口料件实行银行保证金台帐制度和取消进口设备免税优惠,1
其中,0
将于今年七月在全国实施的加工贸易保证金台帐制度成为港澳客商的关注焦点,1
据介绍,0
近年来广东省对外经贸迅速发展,1
而包括来料加工、进料加工和外商投资企业从事的加工贸易占了相当大的份额,1
去年广东省整个加工贸易出口值达四百多亿美元,1
约占全省出口总值的百分之八十,1
其中一般贸易的一半、来料加工的百分之百和外商投资企业的百分之八十以上属加工贸易出口,1
目前全省从事加工贸易人数五百多万,1
仅“三来一补”的企业就达三万多家,1
从业人员二百多万,1
近几年台湾厂商也在广东设立七千多家加工企业,1
加工贸易在广东外经贸发展中占有举足轻重的地位,1
同时也是粤港澳台经贸合作的重要内容,1
广东省外经贸委有关负责人指出,0
实行加工贸易台帐制度是为了完善对加工贸易的监管,1
堵塞管理漏洞,1
防止国家税收流失,1
促进加工贸易的健康发展,1
实行保证金台帐制度后,0
海关对正常开展加工贸易的企业不再征收与进口料件税款等值的风险保证金,1
只是在银行设立台帐时收取一百元的手续费,1
因而将减轻企业的实际经济负担,1
据悉,0
在加工贸易台帐制度试点城市东莞市,0
去年十一月二十七日到今年三月十五日东莞地区海关共接受企业合同备案八千四百多份,1
比试点前略有上升,1
企业反应良好,1
普遍表示接受,1
“八五”期间（一九九一年至一九九五年），中国的对外开放以前所未有的速度向前推进，国民经济更加广泛地参与国际分工与国际交换，中外经济技术合作与交流已渗入到中国经济生活的各个领域，一个全国范围的“大开放”格局初步形成,1
据外经贸部提供的资料,0
“八五”期间中国的进出口总额累计达一点零一万亿美元,1
比“七五”时期（一九八六年至一九九０年）增长一倍以上,1
在世界贸易中的排位由一九九０年的第十五位上升至第十一位,1
而且,0
出口商品结构继续优化,1
去年工业制成品出口额占全国出口总额的比重达百分之八十五点六,1
比一九九０年提高了十一点一个百分点,1
这充分表明中国工业产品的制造水平比过去有了很大程度的提高,1
初级产品作为主力出口产品的局面有了改观,1
在吸收外商投资方面,0
中国现已成为世界上利用外资最多的发展中国家,1
“八五”期间，中国共批准外商投资项目二十二点九八万个，实际利用外资额为一千一百四十七亿美元，分别比“七五”增长了九点一倍和六点八四倍,1
而且外资更多地流入国家鼓励投资类项目,1
基础产业和基础设施项目已成了外商投资热点,1
与此同时,0
中国从三十多个国家和地区进口技术和成套设备,1
合同总金额比“七五”增长近百分之五十，并向世界五十多个国家和地区出口技术，其合同金额达八十多亿美元，比“七五”增长二点七倍,1
此外,0
对外承包劳务和援外工作也有很大发展,1
据专家预测,0
中国国民生产总值与进出口总额的依存度已接近百分之五十,1
这一指标意味着目前中国的经济生活有近一半与国际市场有关联,1
尤为值得一提的是,0
“八五”期间中国的对外开放已形成了从沿海、沿江向内陆边远地区梯次推进的格局,1
以往经济相对落后的内陆地区如今也掀起了开放的热潮,1
现在,0
全国已有一千一百九十四个县（市）对外开放,1
仅一类对外开放口岸便达二百二十二个,1
同时,0
“八五”时期的对外开放在深度上也创下了历史之最,1
过去中国的对外开放主要是以商品贸易、技术引进及合资合作为主,1
如今已开始向引进服务、引进现代资本运作方式等高层次迈进,1
并开始向海外输出资本,1
甚至开始参与国际金融运作,1
广东“八五”期间（一九九一至一九九五年）电子工业新兴产业发展速度快、效益好,1
一九九五年,0
全省电子工业产值达到五百一十五亿元,1
比一九九０年增长三点八倍,1
年均增长速度为百分之三十六点九,1
电子工业产值居中国第一,1
“八五”期间,0
广东电子工业投资七十亿元进行企业改造和发展,1
目前已有二十个重点项目竣工投产,1
使四大类产品形成了规模经济,1
其中程控交换机、微机已上规模,1
成为电子工业新的支柱产品,1
去年,0
电话机生产一千六百一十一万部,1
程控交换机生产三百三十四万线,1
微机生产十二万台,1
产量分别成倍增长,1
长期发展慢的投资类电子产品发展速度加快,1
一九九五年完成产值一百三十八点七亿元,1
比一九九０年增长十倍,1
发展速度超过了消费类电子产品,1
“八五”期间,0
广东电子工业优化地区布局,1
形成区域集中发展优势,1
珠江三角洲成为电子工业的集中地,1
电子工业产值前七名的市均在三角洲内,1
一九九五年这七个市的电子工业产值四百八十亿元,1
占全省电子工业总产值的百分之九十,1
深圳、惠州成为电子工业的出口基地,1
两市生产的电脑元器件大量销往世界各地,1
广东电子工业实现了“从内销为主转为外销为主”的战略转移,1
产品出口量迅猛增多,1
一九九五年出口电话机七百三十二点五万台,1
彩电三百一十九万台,0
收录放机一千零六十五万台,1
组合音响近三百万台,1
出口量分别占总产量的百分之五十至百分之九十,1
出口交货值连续多年居中国第一,1
按照福建“科教兴省”战略和建设海峡西岸高科技产业带的规划,0
到二０００年该区域高新技术主导产业结构格局将基本形成,1
高新技术产业化的总体水平将跨入全国先进行列,1
高新技术产业将实现产值六百亿元人民币,1
占当地工业总产值的百分之十六,1
出口额占全省出口总额的百分之十以上,1
去年,0
福建省高新技术产业产值达到三百亿元,1
实现销售收入四百九十六亿元,1
专家们表示,0
福建发展高新技术产业,1
不仅能加速本地产业的升级换代和国际化,1
而且最终有可能使这一地区成为海峡两岸科技、经贸合作的最佳地带,1
在国家级福州高科技园区宽阔的大路旁,0
来自台湾省的中华映像公司兴建了一座占地数十亩的厂房,1
准备生产科技含量较高的单色显像管,1
据称,0
这个斥资三十亿元人民币的项目现已进入调试阶段,1
全部建成后年产值可达七十亿元人民币,1
据当地官员介绍,0
除福州科技园区外,0
福建省目前在南部的厦门经济特区也拥有一个国家级高科技园区,1
此外,0
全省还在泉州、莆田、漳州等地设立了五个省级高科技产业开发区,1
去年,0
这些科技园区内被正式认定资格的高新技术企业达一百五十家,1
上述开发区基本位于福建经济最为活跃的东南部地区,1
区内企业把发展重点主要集中在光电子、计算机、新材料、生物工程等具有一定科研实力的领域,1
在过去几年间,0
被研制开发出的科技成果主要有新晶体材料、带画中画功能的数字彩色电视机、不间断电源系列产品、银行ＰＯＳ系统、全国微机控制水泥复合袋制袋机、中压开关等,1
这些产品已被行家们鉴定为具有国际或国内先进水平的高科技产品,1
一些高新技术企业如福建日立有限公司、厦华电子企业有限公司、福建实达电脑股份有限公司和福建计算机外部设备厂已跻身于中国百家高科技企业行列,1
福建省是中国政府决定在九十年代加速发展并争取用二十年时间基本实现现代化的四个地区之一,1
同时也是中国力图通过发展高新技术增强经济发展后劲的重点地区,1
在过去十七年中,0
福建省通过发展外向型经济已使自己成为珠江三角洲和长江三角洲之间的另一个经济繁荣地区,1
此间经济界人士认为,0
这个著名的侨乡由于与港澳台地区长期保持着良好的经贸往来和市场联系,1
借助金融融资、信息传递、产业转换等有利条件,1
福建发展高新技术产业将会有良好的前景,1
中国北方重要经济城市天津与俄罗斯联邦的经贸交往目前正稳步发展,1
并呈现出新的特色,1
记者了解到,0
去年天津对俄罗斯出口贸易额为两千五百万美元,1
进口两千多万美元,1
其中出口额比九四年增长超过百分之八十,1
此外,1
天津已有十多家企业在俄开设了公司或代表处；俄罗斯在天津的投资企业也达二十余家,1
外方投资额约一千万美元,1
双方经贸关系正稳步发展,1
据了解,0
天津与俄罗斯有方便快捷的空、海、陆港相通,1
历来有大量的易货贸易及经贸合作,1
近两年随着俄罗斯联邦国内经济的发展变化,0
双方的普通贸易方式已逐步取代了易货贸易,1
成交额稳步上升,1
目前天津滨海国际机场已成为独联体国家货包机在中国境内起降架次最多、运载输出中国商品量最大的空港,1
仅去年货包机起降就达四千二百四十一架次,1
载货总量达四万二千多吨,1
天津外经贸委官员说,0
天津与俄罗斯地缘接近,1
贸易的互补性很强,1
天津作为中国北方重要的工业城市和有广阔腹地的对外贸易港,1
去年向俄罗斯出口的轻工业品和食品、畜产品占天津对俄出口额的百分之五十；而从俄罗斯进口的钢材和有色金属约占从俄进口总额的百分之六十,1
随着俄罗斯国内对工业品需求向中高档方向发展和国内经济形势的逐步稳定,0
天津市众多的“三资企业”产品正在积极寻求进入俄方市场,1
一些大型专业性外贸公司亦从去年底开始,0
抓紧派遣推销小组、展销团等进入俄罗斯,1
寻求扩大业务,1
澳大利亚外长唐纳日前在悉尼说,0
澳政府将坚持一个中国的政策,1
澳中关系是澳外交政策的一个中心点,1
他说,0
加强双边关系是澳大利亚新政府对亚洲和世界其它地区政策的主要特点之一,1
他特别提到了澳大利亚拟加强与中国、印尼、日本、韩国和印度等亚洲国家的双边关系,1
他说,0
新当选的自由党和国家党联盟政府将鼓励与中国全面发展贸易和投资联系,1
合作领域包括基础行业、加工业和服务业等,1
澳政府将继续促进澳中经济的互补性合作,1
并开辟澳华商界与中国的联系,1
以茂名三十万吨乙烯工程为依托的水东开发区,0
不断加大招商引资的力度,1
正在成为华南地区投资的新热点,1
水东开发区管委会副主任梁小略介绍说,0
自一九九二年三月开发区成立以来,0
已有来自日本、德国、韩国和美国等二十多个国家和地区的外商,0
签约了计划投资总额达四十五亿元人民币的项目,1
在水东开发区内进行乙烯产品后继加工,1
这样,0
包括国内二十多个省市在内,0
目前水东开发区内签订了协议或合同的客商已经达到七百五十多家,1
总投资将突破一百五十亿元,1
实际到位资金已有三十多亿元,1
已上马建设的项目达一百六十多个,1
拥有一个终年不冻的天然深水良港,0
是水东开发区发展乙烯后继加工项目的有利条件,1
几年来,0
开发区在原有的两个三千吨级泊位基础上,0
扩建了数个一万吨级、二万吨级、三万吨级和五万吨级的泊位,1
全国最大的二十五万吨单点系泊原油装卸系统也已投入了使用,1
港口的年吞吐量已近一千五百万吨,1
被国务院批准为中国对外开放的一类口岸,1
此外,0
水东开发区还投入了数亿元进行道路、供水、供电和邮电等基础设施建设,1
目前,0
开发区内的市政道路已经形成“三纵六横”的现代化格局,1
其它设施也日趋完善,1
为大规模开发建设创造了条件,1
据悉,0
茂名三十万吨乙烯工程将于今年下半年正式点火投产,1
一些国际大企业也加快了后继加工项目的筹建工作,1
其中包括日本伊滕忠商事株式会社与韩国乐金集团分别投资三十亿和十五亿元人民币的后加工项目,1
香港德成化工有限公司投资二点五亿元人民币兴建二万吨级聚脂切片工程也已签约立项,1
并进入了全面筹建阶段,1
到去年底,0
水东开发区已经办起了各类企业达二千四百多家,1
工业总产值达八点八四亿元,1
乙烯工程投产后,1
水东开发区可望进入全面产出时期,1
工业总产值将实现较大幅度的增长,1
由中国自主设计建设、达到当今世界先进技术水平的安阳彩色显像管玻壳有限公司二期工程,0
今天建成投产,1
国务院副总理邹家华参加了今天举行的投产剪彩仪式,1
据介绍,0
安玻二期工程的建成投产,0
使安玻公司的彩色玻壳年生产能力由一期的六百万套扩大到一千一百万套,1
成为中国目前生产规模最大的彩色玻壳生产基地,1
投产后,0
它既可生产与彩电配套的彩色显像管玻壳,1
又可生产与计算机显示屏配套的彩色显示管玻壳,1
规格从三十五厘米一直到八十四厘米,1
并为下一步独立开发生产高清晰度玻壳和宽屏幕彩电玻壳打下了基础,1
安玻公司是中国“七五”期间（一九八六至一九九０年）成套引进国外先进技术,1
并由外方实行技术总承包兴建起来的中国彩电国产化重点工程,1
自一九九一年投产以来,0
共完成技术改进和开发项目近千项,1
独立开发了包括大屏幕彩电玻壳在内的二十多个新产品、新品种,1
年产量超过设计能力百分之七十八,1
去年已达七百一十二万套；产品的国内市场占有率和品种覆盖率分别达到百分之七十和百分之九十,1
并返销日本,1
出口韩国和印度等国家,1
投产以来累计实现综合经济效益十点六亿元、出口创汇四千八百五十六万美元,1
相当于收回了一期工程的静态总投资,1
为加速创建和发展中国民族彩玻工业,1
安玻人在二期工程建设中,0
大胆采用了“以我为主、博采众长、别具一格、自成体系”和“自我技术总承包、高起点优化国际国内两种资源”的全新思路,1
得到国务院领导的肯定和国家有关部门的大力支持,1
创造了引起国内外同行业广泛注目的多项奇迹,1
一是从一九九四年十一月十八日破土动工到锥炉点火成功,1
仅用了十三个月,1
工期比安玻一期缩短了十八个月,1
比世界建设最快的同类项目还提前五个月；二是实现了国内外人才、技术、设备、设计和施工等资源的最佳组合,1
无论硬件配置和软件应用都达到了当今国际同行业先进水平；三是与成套引进国外技术和设备相比,1
投资大大节省,1
据测算,0
安玻二期工程实际投资,0
仅为国内目前成套引进国外技术和设备而兴建的同类项目总投资的二分之一,1
美国商会中国分会近日派出一个２５人组成的代表团,1
在华盛顿向国会和白宫展开为期一周的游说活动,0
要求继续延长给中国的贸易最惠国待遇,1
参加这次游说活动的美商代表来自美国在华的许多知名大企业,1
如道·琼斯、ＡＴ＆Ｔ、ＩＢＭ、波音、麦道、通用电气、西屋电气、福特以及仙妮雷德集团等,1
他们分为５个小组,1
共约见了约１５０位议员或议员助手以及政府官员,1
用他们在中国投资办企业的经验,1
阐述延长给中国贸易最惠国待遇的必要性,1
随着美国政府和国会一年一度对中国贸易最惠国待遇问题的审议又将临近,0
在华美资企业普遍担心今年大选年的美国党派之争可能使这个问题更加复杂,1
于是组团对他们进行有组织、有计划的游说活动,1
代表美国商会广州分会和仙妮雷德集团参加游说团的华裔商人王震对记者说,0
作为这次游说的后续行动,0
他准备发动公司下属的数万名经销商给当地国会议员写信,1
支持延长中国的贸易最惠国待遇,1
美国商会广东分会会长康永华律师说,0
克林顿政府已经表示要延长中国的贸易最惠国待遇,1
因此,0
这次游说的重点是那些较保守的议员,1
“五年前,0
中国的数字电话程控交换机市场为多种品牌的外国产品垄断,1
我们还担心中国能不能研制成功数字程控交换机,1
如今国产的高性能电话程控交换机已占国内市场份额的百分之三十六”,1
“中国国家气象局购买美国克雷公司的大型计算机,1
克雷公司只卖给我们两台处理器,1
如今,0
我们自己开发的‘曙光１０００’计算机每秒最大计算速度已达二十五亿次,1
超过克雷公司卖给我们的计算机速度,1
这是国务委员兼国家科委主任宋健今天在“八六三计划”工作会议上讲的一段话。“八六三计划”是中国高技术研究计划,1
启动于一九八六年,1
西方发达国家一直禁止向中国出口重要的高技术产品,1
如高性能的大型数字电话程控交换机和巨型电子计算机,1
宋健说：“如今,0
中国已能生产上万门数字电话程控交换机,1
而且这种交换机的总设计师只有二十八岁,1
武汉大学毕业的,1
宋健今天向出席会议的数百名高技术专家代表和科技官员说：“我们在高技术发展及其产业化所取得的一系列成就,1
进一步克服了认为高技术高不可攀的怯懦思想,1
极大地增强了我们全民族实现社会主义现代化的勇气和信心”,1
总投资一百亿元人民币,1
为期十五年的“八六三计划”自一九八六年实施以来,0
在一大批重大关键技术领域获得突破性进展,1
大大缩小了中国高技术与国际先进水平的差距,1
促进了民用工业和国防工业的现代化,1
仅在民用的生物技术、信息技术、自动化技术、能源技术和新材料技术领域,0
已取得一千二百多项研究成果,1
其中达到国际先进水平的有五百六十项,1
此外,0
中国在航天技术和激光技术领域安排了四百多个课题的研究,1
涉及空间科学及应用、大型运载火箭、空间站、天地往返运输系统,1
在一些关键技术领域取得阶段性成果,1
宋健还列举了中国在农业生物技术、生物医药、基因工程、激光、机器人等领域取得的具有国际先进水平的重大成就,1
如中国研制的基因工程乙肝疫苗和用于阻断乙肝进程的ａ干扰素已经上市,1
为中国一点二亿乙肝病毒携带者带来福音,1
晚期乙肝疾病往往会转化为肝癌,1
中国已确定了未来五年高技术研究重点,1
并着手制订下世纪的高科技研究计划,1
宋健最后说,0
“能否把我们自己的高技术及其产业搞上去,1
关系到中国现代化建设事业的成败,1
关系到中华民族的兴衰,1
大力发展高技术,1
尽快形成我国强大的民族高技术产业,1
是当前中国科技界和经济界面临的迫切任务,1
这个采用差别化氨伦丝生产技术改造的项目,0
总投资七千万元,1
累计年产氨纶丝一千五百吨,1
连云港钟山氨纶丝有限公司是九十年代初引进日本东洋纺织技术和设备的一家苏港合资企业,1
前两期工程建成并投产以来,1
已累计实现利润一点四七亿元,1
跻身于国家二类大型企业行列,1
这次新投产的生产线,0
由该公司自行设计,0
自行开发,0
自行调试,1
设备从安装到投产只用了三个月时间,1
开发了企业自己的专利技术,1
为公司下一步对外输出氨伦丝生产技术奠定了基础,1
地处世界名山庐山脚下的九江民生集团有限公司,0
是跻身中国五百家最大私营企业,1
身兼全国政协委员、江西省政协常委、集团公司总裁等多职的王翔,0
在谈到近几年大量投资国家基础建设取得成效时,0
实实在在地告诉记者：“立足内地,0
为当地经济发展‘修桥铺路’,0
是我明智的选择,1
王翔虽年过半百,1
但其充沛的精力和敏捷的思维,0
给人以一个挑战者的印象,1
民生集团近两年为改善九江基础设施所做的贡献,1
在九江无人不晓,1
九江是江西的北大门,1
是沿长江开放开发的重点城市之一,1
王翔投巨资一点二七亿元人民币参与了九江火车站站场的建设,1
江泽民主席在九江视察时说：“九江地处京九中段，地理位置很好，九江前途无量。”并亲笔为九江站题写了站名,1
九江是连接长江南北的要道,1
但每年的汛期给当地经济建设和老百姓的生活都造成了一定的影响,1
特别是九江市的龙开河下游段处在市区的中轴线位置上,0
其水流穿城区注入长江,1
所以一到汛期,1
上涨的长江水倒灌,1
使龙开河下游段成了历年紧张抗洪的战场,1
为此,0
省政府将“龙开河治理开发工程”纳入了省重点防洪工程,1
王翔得知后立即请专家论证,1
他说,0
这是一项施泽后世的工程,1
也是政府最急切要办的事,1
我有责任尽一份力,1
王翔举全力投资一点二亿元人民币兴建防洪工程,1
在今年的防汛中这项工程显示出了巨大的威力,1
目前,0
王翔又开始了九龙街的建设,1
与此同时,0
为改善九江的投资环境,1
王翔决定投资数亿元在九江市区开发建设与世界名山庐山相呼应的“大千世界游乐园”,1
王翔投资国家基础设施建设,1
利国利民利己,1
当地政府为鼓励投资者,1
已将王翔投资建设的九江火车站站场和填平后的龙开河部分地带交给王翔治理开发,1
有人预言,0
随着九江的进一步开放开发,0
王翔将从政府划给他的土地中获得可观的利润,1
王翔创业的民生集团,0
是江西省最早成立的由台属、侨属等集资兴办的集体企业,1
到今天已经历了十一个春秋,1
下属二十二个子公司,1
不断壮大的企业规模,0
已从流通领域拓展到生产领域、高新技术、房地产、建筑及投资建设大型基础设施等多行业多领域,1
中国最大城市上海决心抓住本世纪最后三年的发展时机,1
到二０００年实现人均国内生产总值五千美元,1
经过近几年来的快速增长,0
上海人均国内生产总值今年将突破三千美元,1
而在一九九二年,0
这项数字仅为一千五百美元,1
据上海市计委专家分析测算,0
要在二０００年实现人均国内生产总值五千美元的目标,1
今后三年上海国内生产总值平均年增幅要达到百分之十至百分之十一,1
上海统计局公布的数字显示,0
一九九二年至一九九六年上海国内生产总值年均增长百分之十四点二,1
今年的增长速度也将达到百分之十三以上,1
上海市政府发展研究中心主任王战认为,0
今后三年世界经济发展的趋势和国家宏观调控的政策取向,0
总体上将有利于上海经济的发展,1
而近六年来上海经济的快速增长又为后三年的发展奠定了良好基础,1
上海金融、商业、贸易、航运等行业的专家认为,0
今后三年里,0
第三产业将对上海国内生产总值作出更大的贡献,1
在资本市场、保险业、连锁商业、批发销售、集装箱运输、房地产、信息服务等经济增长点的带动下,0
第三产业增加值预计年均增长百分之十一至十二,1
第三产业占国内生产总值的比重也将由一九九六年的百分之四十三,0
上升到二０００年的百分之四十八,1
上海市经委的研究人员在提交的报告中指出,0
经过大量投入和积极培育,0
汽车、电子通信设备等六大支柱产业在未来三年内仍将保持良好增长势头,1
占全市工业的比重将上升到百分之五十五左右,1
并推动上海第二产业增加值年均增长百分之九至百分之十,1
与此同时,0
风头正健的“三资”企业、民营和私营经济也会保持快速增长,1
经专家测算,0
今后三年上海固定资产投资总额预计为六千亿元至七千亿元,1
社会消费品零售总额预计年均增长百分之十三至十四,1
外贸出口预计年均增长百分之十至十二,1
这些规模与国内生产总值年均增长百分之十至十一是相适应的,1
上海市长徐匡迪强调,0
本世纪末上海实现人均国内生产总值五千美元是有基础的,0
有可能的,1
但上海也面临着市场竞争加剧的压力,1
以及经济生活中一些突出矛盾的困扰,1
他说,0
为迎接挑战,1
实现目标,1
上海将推动新一轮产业结构调整,1
大胆进行国有企业改革,1
积极开拓对外开放新领域,1
使上海经济再上新台阶,1
香港特区行政长官董建华今天对美国传统基金会发表的《一九九八年经济自由指数报告》表示欢迎,1
该报告认为香港继续是全球最自由的经济体系,1
传统基金会和《华尔街日报》的报告确认了香港的经济结构在回归中国后仍维持不变,1
传统基金会表示,0
该指数也有被投资者用作投资指南,1
董建华在评论该指数时表示,0
香港已连续四年成为全球最自由的经济体系,1
他强调,0
香港会致力维持自由贸易,1
并加强香港经济上的竞争力,1
中国内陆大省四川实行一系列鼓励对外开放的新政策,1
今年全省对外开放又迈出新步伐,1
据四川省有关部门介绍,0
今年一至十月,0
全省外贸进出口总值达十九点二七亿美元,1
比去年同期增长百分之九点三,1
其中外贸出口十三亿五千七百多万美元,1
同比增长百分之十五点八,1
在此期间,0
全省新批外商投资项目近二百个,1
比去年同期增长近一倍,1
合同利用外资五点七八亿美元；签订对外工程承包劳务输出合同三点四七亿美元；同时,0
新加坡华侨银行、澳大利亚国卫人寿保险公司等九家外资金融机构相继入川落户,1
四川今年对外开放之所以能迈出新步伐,1
主要经验在于省政府鼓励扩大外贸出口,1
并对引进外资采取了一系列优惠的扶持政策,1
如省里出台并实施的《四川省鼓励外商投资优惠政策》等,1
为外商提供了优惠、宽松的政策环境,1
此外,0
四川省实施的改善外商投资的软硬环境、减轻外商投资企业的不合理负担、简化审批手续等措施也为招商引资发挥了积极的作用,1
目前,0
四川省对外商外资开放的领域不断扩大,1
现已由过去的一般加工业,0
扩大到基础工业、基础设施和一些贸易行业、外商直接投资、国际证券融资等等,1
中国人民对外友好协会办公厅主任毕惠罗说：“友好城市增进了中外各地方之间的了解和友谊，也发展了国家之间的关系，并在工业、农业、经贸、文教等方面进行了多种交流合作。”他认为,0
友好城市现已成为民间外交的主要渠道,1
中国改革开放后,0
中外友好城市数量以每年五十对左右上升,1
其中约百分之八十分布在沿海地带,1
以经济发达的江苏省和山东省为最多,1
但随着中国整体经济的上升,0
中西部地区交通和投资条件的改善,0
近年来中西部省区结对城市明显增多,1
在与中国缔结友好城市中,0
以日本为最多,1
据悉,0
友好城市的缔结促进了中国各地对外经贸的发展,1
据不完全统计,0
近五年,0
各省通过友好城市渠道举办或参加各种贸易展销活动六百多次,1
成交额六十多亿美元,1
引进各种独资、合资项目一千二百多个,1
吸引外资近一百亿美元,1
中国北方最大的沿海城市天津市在吸引外商投资的同时,0
鼓励企业到境外投资建厂,1
目前,0
天津在海外投资的各类企业已逾三百家,1
总投资额超过一亿美元,1
据天津市外经贸委介绍,0
这三百多家企业涉及进出口贸易、生产加工、医疗卫生、旅游、餐饮、工程承包等行业,1
分布在六十多个国家和地区,1
餐饮业是天津市在海外投资的重点之一,1
天津在新加坡开设的“药膳”受到当地政要的关注,1
天津名小吃狗不理包子店则在日本、韩国、美国等国建立了特许连锁店,1
据悉,0
天津市外经贸委明年将继续采取措施组织和引导一批企业到海外投资建厂,1
目前该市已经建立有关数据库,1
通过驻外使馆和机构以及外国驻华使馆和机构提供投资伙伴和项目,1
今年以来,0
联合国开发计划署在中国吉林,0
举行了图们江地区国际旅游会议,1
对中国长白山冬季冰雪旅游等项目积极支持；同时还出资在这里培训国际经贸人才,1
联合国工发组织近期对图们江地区工业项目现状进行了充分调查,1
并对该地区未来工业发展项目提出建议,1
他们还对有关国家提出的工业项目邀请专家进行评估,1
评估之后再把这些项目输入工发组织的网络进行国际招商,1
自一九九五年底该计划由论证阶段转入实施阶段以来,0
中、俄、朝三国都进行了基础设施建设和招商引资活动,1
并初步启动了双边和多边合作,1
相关国家和国际社会也对该计划予以支持,1
开发计划署几年来一如既往地支持图们江开发,1
并积极帮助中俄朝三国在世界上招商,1
帮助搞开发项目的可行性研究,1
一九九五和一九九六年,0
在开发计划署和工发组织的帮助下,0
在中国、朝鲜先后进行了“图们江地区投资贸易洽谈会”,1
都取得了较好成效,1
近期还将在海参崴举行俄罗斯图们江地区招商会,1
图们江开发计划也得到了很多国家政府和企业的大力支持,1
如芬兰政府拨款一百万美元对图们江开发前期工作予以资助；瑞典出资帮助搞中蒙铁路接轨、建设新的东北亚大陆桥的可行性研究,1
另外,0
日本进出口银行已与俄罗斯签订合同,1
参与俄扎鲁比诺港扩建工程建设,1
日本还应中国有关部门之邀,1
对中国长春至珲春的铁路沿线地区综合开发进行调查,1
吉林省珲春市市长金硕仁说：“国际社会的支持和参与,0
对于珲春的开发开放起了积极而关键的作用,1
近几年是珲春综合实力增强最显著、城乡面貌变化最明显、人民得到实惠最多的时期,1
据了解,0
韩国企业界已在珲春市投资近一亿美元,1
外资企业已成为当地经济中的重要支柱,1
为推动图们江地区开发,1
韩国捐款一百万美元设立了图们江发展基金,1
目前从该基金中拿出十万美元正在进行中国珲春边境合作区环境评估项目,1
以期对外资大规模进入这个地区提供环境方面的咨询,1
吉林省主管经贸工作的副省长全哲洙说：“欢迎国际社会同我们一道,0
共同推进图们江开发事业,1
促进区域经济发展,1
造福东北亚人民,1
外资对江苏省农业的投入日益增多,1
目前国外直接投资江苏省农业的项目达八百个,1
金额达八亿多美元,1
江苏省农林厅的官员说,0
从一九九四年以来,0
江苏省农业系统批准的“三资”企业超过五百家,1
利用外资金额七亿多美元,1
分别是一九九三年前的三倍和七倍,1
来自美国、日本、新加坡的外资增加较多,1
新项目中外商投资比例越来越高,1
独资企业明显增加,1
外资迅速增加,1
在相当程度上弥补了江苏省农业投入的不足,1
加速了农业资源的开发利用,1
据统计,0
江苏省目前拥有产值超过一亿元人民币的农副产品加工企业已达一百多家,1
连云港如意集团利用日本政府贷款和外商直接投资,1
建成了目前中国出口量最大、品种最多的蔬菜加工销售企业,1
江苏还利用外资引进了啤酒大麦、加州鲈鱼、罗氏沼虾、良种鸡、瘦肉型猪及蔬菜、花卉等近百个优良品种和先进生产加工技术,1
农业生产水平明显提高,1
河南省政府和八十八家驻京外资金融机构的一百多位代表今天在这里举办了经济合作洽谈会,1
以增进河南省与国际金融界的相互了解,1
为河南经济发展开辟融资渠道,1
中国人民银行副行长陈元在向会议发来的贺辞中说,0
中国政府已决定加大中西部地区的开发力度,1
鼓励中外企业到中西部地区投资,1
并决定今后将百分之六十以上的外国银行和政府贷款用于中西部地区,1
河南省常务副省长李成玉在会上介绍了该省的自然资源和经济发展情况,1
他说,0
河南省不仅具有外商投资所需的硬件,1
而且还根据国家政策、结合本省实际制定了鼓励外商投资和发展对外经贸技术合作的优惠政策,1
河南省政府有关部门在会上发布了该省对外经济技术合作项目,1
与会代表就有关项目的合作意向进行了洽谈,1
在东盟成立３０周年之际,0
东盟９国首脑同中国、日本、韩国首脑１５日在马来西亚首都吉隆坡举行了非正式会晤,1
次日,0
中日韩首脑又分别同东盟成员国首脑举行非正式会晤,1
东亚首脑非正式会晤在历史上尚属首次,1
这是一个良好的开端,1
国家要发展离不开地区,1
地区要发展离不开全球,1
打破旧观念,0
建立国际政治经济新秩序,0
符合各国人民要和平、求发展、谋稳定、促合作的时代主流,1
正确认识经济发展、政治稳定、社会和谐和国家安全的关系,0
努力推动各国、地区和整个世界走上和平发展,0
共同探讨面向２１世纪的东亚经济合作,0
展望东亚未来发展的前景,0
是这次东亚首脑非正式会晤讨论的主题,1
和平是经济发展的前提,1
没有和平环境,1
任何建设事业都无从谈起,1
只有实现持久的和平,1
才有可能实现持续发展,1
为此,0
必须培育新型的安全观,1
寻求维护和平的新方法,1
在相互尊重主权和领土完整、互不侵犯、互不干涉内政、平等互利、和平共处五项原则基础上建立国与国之间的关系,0
是全球和地区安全的政治基础和前提,1
各国在经济领域加强互利合作,0
相互开放,0
消除经贸交往中的不平等现象和歧视政策,0
逐步缩小国家之间的发展差距,0
谋求共同繁荣,0
是全球和地区安全的经济基础,1
各国通过对话与合作增进相互了解和信任,0
承诺以和平方式解决国家间的分歧和争端,0
是确保和平与安全的现实途径,1
今年一些东亚国家遇到金融风波,1
经济发展出现一些困难,1
但东亚国家经济基础还是好的,1
经济发展的有利因素依然存在,1
这次会晤期间,0
东亚国家领导人一致支持扩大地区贸易和投资的建议,1
相信经过总结经验,1
进行适当调整,1
东亚经济一定能够继续向前发展,1
东亚各国间并非完全没有矛盾和分歧,1
但是,0
为了保障东亚各国人民的根本利益,1
为了促进人类和平与发展的崇高事业,1
必须进一步加强东亚合作,1
江泽民主席在这次会晤中郑重阐述了中国的立场,1
他强调指出：“我们要坚持相互尊重,0
平等参与,0
互惠互利,1
共同发展的原则；要加强经济技术特别是高新技术领域的合作,0
建立合理的地区经济结构,1
形成取长补短、优势互补、利益平衡、非排他性和非歧视性的经济合作模式；要通过友好对话与协商,0
增强信任,0
扩大共识,0
求同存异,0
妥善解决分歧,0
确保地区的和平与稳定,1
万事开头难,1
有了这个良好的开端,1
人们完全有理由相信,0
东亚国家间的协调合作在不久的将来必将展现更加美好的前景,1
联合国经社事务部１６日发表世界经济年度报告说,0
尽管亚洲一些国家的金融动荡会使这些国家的经济增长受到严重影响,1
但就整个世界经济而言,0
其他国家的强劲增长势头会弥补这一损失,1
报告估计１９９７年世界经济增长百分之三点二,1
预计１９９８年将增长百分之三,1
与１９９６年的增长率持平,1
报告说,0
在联合国自１９９３年以来所监测的１４３个国家中,0
１９９８年将有１３１个国家的人均产值会有增长,1
超过１９９７年的１２０个和１９９３年的６７个国家,1
根据这份报告,0
１９９７年发达国家的经济增长率估计为百分之二点六,1
超过去年百分之二点四,1
预计１９９８年将降为百分之二点五,1
１９９７年发达国家经济形势的特点是美国增长强劲而日本经济疲软,1
美国经济增长率估计为百分之三点七,1
日本仅为百分之零点八,1
预计,0
１９９８年美国经济增长百分之二点五,1
日本经济增长百分之一点二五,1
此外,0
发达国家的通货膨胀率１９９８年预计将维持在百分之二的低位上,1
但许多国家仍将受到高失业的困扰,1
其中最突出的是欧盟,1
１９９７年是欧盟失业率连续保持两位数的第六个年头,1
达百分之十点五,1
略低于１９９６年的百分之十点八,1
发展中国家１９９７年将维持１９９６年的百分之五点七的经济增长率,1
１９９８年预计将增长百分之五,1
非洲经济１９９７年估计增长百分之三,1
低于去年的百分之四点四,1
１９９８年预计增长百分之四,1
拉美１９９７年估计增长百分之五点二,1
高于去年的百分之三点七,1
１９９８年预计增长百分之三点五,1
不包括中国在内,0
东亚和东南亚地区１９９７年将增长百分之六点五,1
低于去年的百分之七点四,1
１９９８年预计增长百分之六点二五,1
中国经济１９９７年可望增长百分之九点三,1
略低于去年的百分之九点七,1
１９９８年预计增长百分之十,1
报告说,0
１９９７年是经济转轨国家自停止实行中央计划经济以来的第一个经济增长年份,1
增长率达百分之一点七,1
１９９８年预计增长百分之三点二五,1
俄罗斯１９９７年估计增长百分之零点五,1
１９９８年预计增长百分之一点五,1
此外,0
报告还估计１９９７年世界贸易增长百分之九点四,1
扭转１９９６年百分之五点三的低增长状态,1
１９９８年预计将增长百分之七,1
这个微型轿车项目总投资四十三亿元,1
至一九九九年底,1
先形成轿车十万辆、发动机十八万台的生产能力；至二００一年底,0
建成十五万辆轿车、二十四万台发动机的生产能力,1
今年一至十一月份,0
长安微型车共生产十万辆,1
比去年同期增长百分之五十四点九,1
尽管今年一至十一月中国批准利用外资项目数和合同外资金额都比去年同期有所下降,1
但实际利用外资金额仍比去年同期增长了百分之二十七点零一,1
对外经济贸易合作部今天提供的数据表明,0
今年一至十一月中国实际利用外资四百六十九点五九亿美元,1
其中包括外商直接投资四百点零七亿美元,1
今年一至十一月中国批准利用外资项目一万八千六百四十四个,1
比去年同期下降百分之十五点三四；累计合同外资金额达四百八十四点六二亿美元,1
下降了百分之二十七点一四,1
在新批准的三资企业中,0
中外合资和中外合作企业均有较大幅度下降,1
但外商独资企业却增加了百分之四点一二,1
达八千四百八十四个,1
实际外资额也比去年同期上升了百分之三十以上,1
今年一至十一月,0
中国新批准的与外商合作开发项目十三个,1
而去年同期为十个,1
合同利用外资金额和实际利用外资金额分别为二点零五亿美元和三点一一亿美元,1
比去年同期上升了百分之十四点五三和百分之六十一点九八,1
中国五十三个国家高新技术开发区发展迅速,1
已形成一大批机制灵活、适应市场经济要求、技术创新能力强的高新技术企业,1
中国高新技术开发区酝酿于八十年代初,1
到去年为止,0
中国高新技术开发区技术工贸年总收入达二千三百亿元,1
利税总额达二百三十八亿元,1
年出口创汇达四十三亿美元,1
均比创办初增长数十倍,1
其中,0
形成了一批具有一定规模的高新技术支柱产业,1
产值超亿元的企业达四百零五家,1
产值超十亿元的大企业四十二家,1
一九九六年,0
中国高新技术开发区企业研究开发投入达六十二点三五亿元,1
占企业产品销售收入的百分之三点五,1
开发、生产高新技术产品一万三千多种,1
近年来,0
中国高新技术开发区初步建立了适应社会主义市场经济体制和高新技术产业发展需要,0
与国际惯例接轨的管理体制和运行机制,1
建立并不断完善了包括信息、金融、法律、资产评估、产权交易等中介和服务机构,1
初步形成了适于高新技术产业发展的较为完善的支撑服务体系,1
为规范高新区的管理,1
依法治区,1
中国颁布了《国家高新技术产业开发区管理暂行办法》,1
同时长春、苏州、沈阳、长沙、石家庄、昆明等高新区也先后完成了高新区的人大立法工作或以政府令形式发布了高新区管理办法,1
中国中医研究院研究人员今天说,0
他们已成功地从草药中提取出对糖尿病有特殊疗效的新药“糖脉康”,1
有关专家认为,0
这一新药的研制成功和推广将有助于抑制糖尿病II型在中国、印度和非洲等发展中国家的流行,1
在中国中医研究院召开的由中国科学院、中国医学科学院等单位的院士、医学专家和生物学家参加的“糖尿病防治对策讨论会”上,0
记者了解到,0
目前全世界有糖尿病患者一点三亿多人,1
其中百分之九十以上为糖尿病II型,1
糖尿病II型其并发症如冠心病、脑血管病、肾病、失明和下肢坏死等已成为仅次于癌症和艾滋病的人类第三大杀手,1
中国目前有两千多万糖尿病患者,1
仅次于美国,1
居世界第二,1
专家预测,0
随着经济发展、生活水平的提高和饮食习惯的改善,0
到二十一世纪,0
糖尿病II型将在中国、印度和非洲等发展中国家流行,1
近年来,0
美国每年糖尿病医疗费约一百亿美元,1
印度去年糖尿病医疗费为六点一亿美元,1
中国尚无具体统计,1
但中国糖尿病人数正以每年七十五万新患者的速度递增,1
研究人员介绍说,0
国外目前普遍使用的各种化学合成降糖药对糖尿病并发症均无多大防治作用,1
“糖脉康”颗粒不仅降低血糖,1
而且还能显著降低胆固醇和甘油三脂,1
对糖尿病并发症有特殊疗效,1
卫生部已颁发文件将其定为国家级新药保密品种,1
中科院院士、世界卫生组织传统医学顾问陈可冀等与会专家教授认为“糖脉康”的问世是件好事，同时希望研究人员对胰岛素和血流变做进一步观察，对“糖脉康”的有效成分和机理做深入研究,1
使其在国际上,0
包括在与发达国家的竞争中立于不败之地,1
为增强“糖脉康”这类面向二十一世纪的中药新药在国际市场上有竞争力，中国中医研究院中汇制药公司投资两亿元在四川成都建成了年生产能力为五十亿元的生产基地。预计明年“糖脉康”的产值将达到六亿元,1
二０００年将达到十五亿元,1
据了解,0
全世界每年草药的销售额约一百五十亿美元,1
中国中药出口只有六亿美元,1
而且百分之七十以上是未加附加值的药材,1
医药界专家预测,0
“糖脉康”的推广和生产基地的建成将有利于改变国产中药在国际中药市场不景气的局面,1
国务院副总理兼外长钱其琛最近在谈到香港前景和台湾问题时表示,0
中央政府对香港前景始终充满信心,1
他同时希望台湾当局顺应历史发展潮流,0
把握时机,0
就两岸政治谈判作出积极回应和明智选择,1
钱其琛说,0
香港回归近半年来,1
特区政府各项工作有条不紊,1
“一国两制”、“港人治港”、高度自治的方针得到了切实有效的贯彻执行,1
香港特别行政区保持了繁荣稳定的良好局面,1
钱其琛表示,0
我们对香港的前景始终是充满信心的,1
中央政府和全国人民始终是特区政府和香港同胞的坚强后盾,1
我们相信,0
香港一定能够继续保持其自由港和国际金融、贸易、航运中心的地位,1
保持长期的繁荣与稳定,1
钱其琛还就今年以来台湾当局继续推行所谓“务实外交”,0
鼓吹台湾是所谓“独立的主权国家”,0
竭力为海峡两岸谈判设置障碍发表了评论,1
他说,0
实现祖国完全统一,0
是海内外全体中国人的共同心愿,1
香港回归祖国以后,0
海峡两岸关系倍受关注,1
但是,0
台湾岛内分裂倾向的发展,0
严重阻碍着和平统一的进程,1
钱其琛还指出,0
江泽民主席在十五大报告中再次郑重呼吁：作为第一步,0
海峡两岸可先就“在一个中国的原则下，正式结束两岸敌对状态”进行谈判,1
并达成协议；在此基础上,0
共同承担义务,0
维护中国的主权和领土完整,0
并对今后两岸关系的发展进行规划,1
我们希望台湾当局顺应历史发展潮流,0
把握时机,0
就两岸政治谈判作出积极回应和明智选择,1
今年一至十一月份,0
上海市外贸进出口总额达到二百二十点二亿美元,1
比一九九三年增长了百分之七十三,1
记者从市对外经济贸易委员会了解到,0
近五年来,0
上海市通过外贸体制改革和实施“大外贸”战略,1
进出口总值每年以百分之十四左右的速度稳定增长,1
对外经贸进入历史发展最快时期,1
上海今年预计全年出口可以超过一百四十五亿美元,1
其中工业制成品占出口总值的百分之九十三点一,1
比一九九三年提高了四点一个百分点,1
机电产品占出口总值由五年前的百分之十七点九提高到百分之三十一点五,1
如今,0
上海已与二百零五个国家和地区建立了贸易往来,1
东南亚、大洋洲、拉美、中东和南非成为上海开拓的新市场,1
据上海市对外经济贸易委员会主任朱晓明介绍,0
上海根据国家政策要求,1
加速实施外贸企业多元化经营战略,1
使全市七百二十五家各类外贸企业逐步成为自主经营、自负盈亏的市场经济主体；通过归并、控股、参股等经济手段,1
先后组建了东方国际、兰生、外经、轻工、机械、畜产等外贸集团公司,1
提高了规模经营水平,1
现在,0
上海已形成外贸、工贸、生产自营企业、中央部属和外省市在沪企业以及外资企业六路出口大军,1
此外,1
上海坚持货物贸易、技术贸易、服务贸易三位一体协调发展；实施“龙头计划”，优化出口商品结构。并充分发挥浦东新区的政策优势，培育外贸出口新的增长点。据预测，上海今年技术出口成交额可完成六点五亿美元，是一九九三年的三点五三倍，技术贸易和服务贸易均占出口总额的百分之十四左右。服装、纺织品、船舶、钢材、电子计算机、家用电器、集装箱等八十种“龙头商品”发展迅速,1
已占全市出口总值的半数以上,1
一至十一月份,0
浦东新区外贸出口二十八亿美元,1
占全市出口的五分之一,1
据悉,0
近五年来,0
上海通过积极从外省市收购出口货源、举办中国华东出口商品交易会等活动,1
增强口岸对全国的辐射能力,1
同时,0
发展跨国经营,1
大力开拓多元化市场,1
据最新统计,0
上海已在境外设立贸易性公司和机构二百一十八家,1
组建了六家区域性海外集团公司；获批准的境外非贸易性企业达二百六十家,1
总投资两亿美元,1
上海的对外工程承包业务也发展迅速,1
今年已新签海外工程承包及劳务合同五百八十六份,1
合同金额二点六五亿美元,1
由于投资环境的改善和发展势头的良好,1
汕头高新技术开发区引起海内外投资者的关注,1
一些旅居美国“硅谷”的潮籍科学家已表示到区内创办高新技术产业的意愿；摩托罗拉中国总裁、爱立信公司有关人员也前来开发区洽谈投资项目；台湾厂商则表示要在开发区内创办科技软件开发公司,1
目前,0
汕头高新技术开发区已累计投资十八亿元,1
建成厂房三十七万平方米,1
区内水、电、通讯、保税仓库等基础配套设施已建成投入使用,1
至今年十一月初,0
共有入区项目一百七十七个,1
投资总额六十四亿元,1
其中外资约占百分之五十,1
入区企业中有七家被认定为国家级高新技术企业,1
今年,0
全区累计完成工业产值三十七亿元,1
技工贸总收入四十五点五亿元,1
出口贸易额一万二千七百四十七万美元,1
实现税利三点六亿元,1
与此同时,0
汕头市还制订和出台了十多项规章制度和政策措施,1
鼓励兴办技术、知识密集型的高新产业,1
广西首府南宁市最近荣获“国家园林城市”称号,1
跻身中国十二个园林城市之列,1
成为中国少数民族地区第一个获此殊荣的城市,1
截止目前,0
南宁市森林面积达三十四点四万公顷,1
森林覆盖率达百分之三十六点三；城区绿化覆盖率达到百分之三十六点四,1
绿地率达到百分之三十一,1
人均公共绿地面积近七平方米,1
近年来,0
南宁市先后颁布实施了《南宁市城市园林绿化管理若干规定》、《南宁市城市园林绿化条例》、《南宁市古树名木保护管理规定》等一系列法律法规,1
使得城市园林绿化工作科学规划、有法可依,1
据不完全统计,0
近年来南宁市园林绿化投资每年都超过两千万元,1
而今年的投资已超过一亿元,1
为突出城市园林绿化的亚热带风光及民族特色,1
南宁市大量种植棕榈科植物和开花乔木、花灌木、彩叶植物以及地被植物、草坪等,1
市区的一百多条主要街道基本实现了绿化、彩化、果化、香化,1
自一九九五年以来,0
南宁市还新建了包括棕榈园、鳄鱼湖、香花园、金花茶公园等重点景区在内的三个公园和二十多处游园绿地,1
目前,0
全市各类开放公园有十二座,1
游园绿地三十多处,1
据悉,0
南宁市已规划制定出较完整的园林绿化体系,1
力争到二０００年,0
全市绿化覆盖率、绿地率、人均公共绿地面积分别达到百分之三十七、百分之三十二和十平方米,1
几年前,0
美国百时美施贵宝公司在上海设立其在中国的第一家合资企业,1
投资仅五百万美元,1
美方仅将此作为一个观察中国市场的小小窗口,1
如今,0
这家跨国集团已陆续在上海追加投资二千多万美元,1
并将上海施贵宝制药有限公司发展成为其亚太地区的生产、出口中心,1
上海施贵宝今年销售总额将达到十亿元人民币,1
公司董事长周德孚说,0
通过上海施贵宝,0
美国百时美施贵宝公司尝到在中国投资的甜头,1
现在该集团在中国的总投资已超过一亿美元,1
经过一段时期的“投石问路”,0
越来越多的外商象美国百时美施贵宝公司一样,0
看好上海的投资环境和市场潜力,1
纷纷追加投资扩大再生产,1
并逐步把上海建成其在中国甚至亚太地区的经营、销售中心,1
经济专家分析说,0
这表明不少跨国公司进一步看好中国乃至上海的政治经济形势,1
并开始全面调整对华经营战略,1
由早期分散的、缺乏系统性的单个投资逐步转向较大规模的、系统化的投资,1
由建立生产基地转向进行上、中、下游各阶段产品的综合开发,1
同时投资范围也从工业制造扩大到银行、保险、咨询、贸易等众多领域,1
来自上海外国投资工作委员会的统计显示,0
截至今年十一月底,0
上海外商投资企业追加的投资高达四十八点九亿美元,1
占全市吸引外资总额的百分之十七,1
面对各国外商追加投资的热潮,1
上海政府表示,0
将更加努力地完善投资环境,1
为外商提供更加规范的运营空间,1
力争本世纪末外商追加投资占外资总额的四分之一,1
此间最新一项投资环境调查显示,0
美国、日本、欧共体等投资者普遍认为,0
上海投资环境的综合条件已具有明显优势,1
进入后工业化中等发达状态的上海,0
为各国外商提供了广阔的投资天地,1
上海是中国最大的现代化工业城市,1
工业门类齐全,1
基础设施发达,1
城市功能完善,1
这里还是中国内地的金融中心、商业中心和航运中心,1
中央政府实施的浦东开发和以上海为龙头的长江流域开发战略,1
更使这个城市如虎添翼,1
良好的投资环境使外商在沪投资的成功率达到百分之八十,1
而投资回报率始终高居全国之首,1
则是吸引外商不断追加投资的另一个重要原因,1
去年投资回报率高达百分之三十二的上海闵行开发区,0
今年一至三季度,0
已有十多家外商投资企业增资,1
在浦东新区,0
三菱、住友、松下电工、夏普等十余家跨国公司已追加投资五亿美元,1
超过这些公司原有投资额的一倍以上,1
法国罗纳普朗克集团最近在上海追加投资二千四百万美元,1
新建一座占地二十公顷的科技园区,1
并在此组建亚太地区的技术中心,1
集团副总裁浦乐先生称：“罗纳普郎克将不断拓展在中国的业务,0
这次仅仅是个开始,1
来自外经贸部的消息：经国务院同意,0
中国对一九九六年三月三十一日前批准的外商投资企业投资总额内进口的设备和原材料,0
仍沿用一九九六年三月三十一日前的进口税收政策,1
直至进口完毕,1
国家医药管理局办公室主任白惠良说,0
中国鼓励外商在医药行业投资的领域包括：能适应国内外市场需求,0
提高产品档次,0
扩大外销,1
增加出口创汇的；能生产中国不能生产而又很需要的药品的企业；能引进国内需要的先进技术改造老企业的；能引进高新技术、专利技术和产品的；能引进先进管理经验的,1
他表示,0
除了投资以外,0
中国政府也欢迎国外医药企业以补偿贸易、许可证贸易、委托加工、技术转让以及联合开发新产品的方式与中国合作,1
据上海浦东海关统计,0
今年一至十一月,0
浦东新区（包括外高桥保税区）进出口货物总额达八十五点七九亿美元,1
比去年同期增长近四分之一,1
预计全年外贸进出口总额将超过九十亿美元,1
今年浦东新区外贸呈现进口与出口比例均衡、增长强劲的特点,1
其中,0
加工贸易发展较快,1
全区已有二百多家国有企业走进加工贸易行列,1
在企业总数和备案合同金额方面都与外资企业平分秋色,1
而且生产经营方式逐渐由简单的来料加工向高科技、高附加值商品的精深加工转变,1
据介绍,0
由于外资企业增加了作为投资的设备进口,1
加之中国在浦东率先对外资开放外贸领域,1
成立了三家中外合资贸易公司,1
今年浦东外资企业进出口额比去年同期增长百分之三十七点四,1
达三十八点六亿美元,1
占浦东进出口总额的百分之四十五,1
就进出口商品种类来看,0
机电产品在浦东新区进口货物中独占鳌头,1
主要是计算机、集成电路和微电子组件；出口则以机电、服装、编织品类产品为主,1
日本仍为最大贸易伙伴,0
美国、香港位居二、三位,1
制约吸引外资的城市基础设施建设,0
如今却被外商看好,1
成为继资源开发之后青海集中利用外资的新领域,1
西宁市城市基础设施建设长期投入不足,1
从新中国成立到一九九五年的四十六年间,0
全部投入仅四亿元左右,1
城市建设滞后制约了经济的发展,1
近两年一批外商先后表示了涉足西宁城建的愿望,1
青海省政府因势利导,1
提出基础设施商品化的城建思路,1
并于今年初批准了《西宁市鼓励引导外商投资的若干规定》,1
西宁市东出口道路经营权实行有偿转让的决定出台后,0
立即有十多家外商前来洽谈,1
最后以五千万元的标价敲定,1
按现代城市功能要求设计的莫家街旧城改造工程,0
由港商投资五千万元独家承建,1
第六水源新建工程利用外资近两千万元,1
供水能力可达十五万吨日,1
将极大地缓解西宁市的供水紧张状况,1
城市北出口道路建设工程已与香港泰华公司达成建设协议,1
投资约需一点八亿元,1
南绕城快速路工程也有数家外商前来洽谈投资,1
国际货币基金组织２１日在此间发表一份临时评估报告,1
再次调低了它对今明两年全球经济增长速度的预测,1
报告认为,0
亚洲金融危机给世界经济造成的影响比以前估计的要严重,1
预计世界经济今年的增长率为百分之四点一,1
明年降为百分之三点五,1
是５年来增长最缓慢的一年,1
这比１０月份该组织公布的预测分别低了零点一和零点八个百分点,1
基金组织还调低了对多数地区和国家明年经济增长的预测,1
根据它的最新估计,0
今年工业化国家的经济增长率为百分之三点九,1
明年为百分之三点六,1
其中美国明年的经济增长率将从今年的百分之三点八下降到百分之二点四,1
日本明年的经济增长率只有百分之一点一,1
预计今年发展中国家经济增长百分之五点九,1
而明年仅增长百分之四点九,1
比１０月份的预计低了一点三个百分点,1
其中亚洲地区今明两年的增长率预计分别为百分之六点八和百分之五点七,1
比先前的预测下调了零点九和一点七个百分点,1
韩国、泰国、印度尼西亚、马来西亚和菲律宾等国的经济增长都将明显放慢,1
基金组织还对世界商品和劳务贸易趋势作了新的预测,1
预计今年全球贸易增长幅度为百分之八点六,1
明年降为百分之六点二,1
其中工业国今明两年的贸易增长幅度为百分之九点三和百分之六点一,1
发展中国家的增长幅度为百分之九点六和百分之七点七,1
报告认为,0
如果经济和金融政策得力,1
亚洲地区经济可望在１９９９年开始回升,1
但不会象墨西哥和阿根廷在１９９４－１９９５年金融危机后那样出现高速Ｖ形大回升,1
如果改革措施不得力,1
信心危机依然存在,1
那么投资者就有可能把注意力转向其他新兴市场,1
中国政府投资近五十亿元在甘肃金川建成的金川有色金属公司,1
目前已形成年产四万吨镍的生产能力,1
每人每班平均采矿数达到国际先进水平,1
作为亚洲最大的镍生产基地,1
这里耸立着亚洲最大、世界第五座镍闪速熔炼炉,0
是中国镍工业技术跨入世界先进行列的一个标志,1
镍被称作“现代工业的维生素”,1
其合金有三千多种,1
是发展航天、航空、军事和现代科技的特需材料,1
一九五八年,0
中国地矿工作者在甘肃金川发现了储量为五百五十三万吨的世界第二大镍矿,1
镍储量占中国国内已探明储量的百分之七十,1
一九六四年,0
金川公司产出第一批电解镍,1
从此以后,0
逐步改变了中国镍、钴及铂族金属长期依赖进口的局面,1
如今,0
这里已成为中国最大的镍钴生产基地和铂族金属提炼中心,1
镍和铂族金属产量分别占全国的百分之八十八和百分之九十以上,1
被誉为中国的“镍都”,1
一九七八年,0
金川公司被中国政府列为全国矿产资源综合利用三大基地之一,1
作为中国镍工业代表的这家企业由此踏上依靠科技进步求振兴的发展之路,1
十九年间,0
中国五十多家科研院所和建设单位的数百名专家、学者同金川公司的科技人员一起,0
紧紧围绕金川矿山建设、生产挖潜、环境保护等重大课题,1
展开了大规模的科技联合攻关,1
据统计,0
累计进行五百九十九项专题研究,1
取得一百八十六项重大科研成果,1
其中一百三十九项成果荣获中国省、部级以上奖励,1
十一项成果达到国际先进水平,1
这些成果中有一百三十八项被企业应用到生产上“点石成金”,1
大大提高了中国镍工业的生产水平,1
资料表明,0
金川公司可回收的有价元素已由原来的七种增加到十四种,1
镍的选、冶回收率净增百分之二十六点五,1
贵金属的冶炼回收率提高十多倍,1
总投资二十六点六亿元、被中国政府列为国家重点建设项目的金川二期工程一九八八年开工后,0
金川公司进一步加快了技术进步的步伐,1
以此为契机,1
着力提高中国镍工业的工艺技术装备水平,1
他们从世界各国引进新技术和先进设备,1
大量采用本国最新科研成果,1
建成了长六千五百米的亚洲最长的矿山主斜坡隧道；探索出胶结充填采矿法,1
每人每班平均采矿十七点六吨,1
达到世界先进水平；用二点六亿元人民币引进关键技术和设备,1
通过消化吸收,1
建成中国第一、亚洲最大、世界第五座镍闪速熔炼炉,1
把中国镍冶炼技术带入世界先进行列,1
金川公司总经理杨金义说,0
金川二期工程既不是一期技术、管理的再现和延伸,1
也不是单纯地以扩大生产规模来增加生产能力,1
而是在镍生产工艺技术上赶超世界先进水平的一次尝试,1
是引进技术和国内科研相结合的一次实践,1
目前,0
金川公司优质产品产值率达百分之八十九点八九,1
电解镍、硫酸镍、铂铑制品、不锈钢制品等十多种产品出口美、日、英、法、伊朗、阿联酋、沙特阿拉伯等国,1
闻名中外的贵州茅台酒厂计划在今后三年内实施一项投资逾四亿人民币的技术改造工程,1
以进一步提高茅台酒的产量,1
为解决庞大资金需求,1
公司正争取发行股票和尝试更多的融资渠道,1
这是中国贵州茅台酒厂（集团）公司董事长季克良日前透露的,1
季克良说,0
这项扩建工程将使茅台酒的年生产能力新增二千吨,1
到二０００年达到六千吨,1
被誉为中国“国酒”的茅台酒历史悠久,1
与法国的科涅克白酒、英国的苏格兰威士忌并称世界三大蒸馏名酒之一,1
由于茅台酒制作工艺复杂,1
生产周期长,1
因而其产量十分有限,1
直到一九八七年年产量才达到一千二百吨,1
近年来,0
在国家财政部和轻工总会的支持下,0
茅台酒厂投资五点三亿元人民币,1
连续进行了二期扩改建技术改造,1
目前已形成年产四千吨的生产能力,1
一九九七年,0
该厂共生产茅台酒四千四百余吨,1
销售收入超过五亿元人民币,1
实现利税三点七亿人民币,1
均为历史最好水平,1
产于中国西南贵州省北部赤水河谷地带的茅台酒,0
以酿制工艺十分独特而知名,1
它所取用的水取自流经朱砂土质的赤水河,1
原料则选用当地特产高梁及优质小麦等,1
在端午至重阳节之间酿制,1
共需经过两次投料,0
七次蒸馏,0
八次发酵、九次蒸煮,0
历时十月酿成后,1
还须放入特制的陶土酒坛中密封贮存三年以上,1
最后由经验丰富的老酒师精心勾兑而成,1
而令其更加出名的则是因为新中国老一代领导人曾用茅台酒招待美国前总统尼克松、日本前首相田中角荣等贵宾,1
他说,0
在中央人民政府和外交部领导下,0
半年来,1
公署协助特区政府的代表作为中国政府代表团的成员参加了近三十个国际会议；向特区政府转交了中央给特区政府的多项授权书；同意特区政府在六个领域中与三十多个国家谈判四十多个双边协定的文本；向特区政府提供适用于香港的二百多个国际条约的清单,1
并帮助特区政府解决涉及国际权利和义务方面的法律问题；协助特区政府实施联合国安理会的十一项制裁决议；协助特区政府组织世界银行年会和国际货币基金组织年会的筹备工作；在接待外国元首访港和特区政府领导人出访方面给予配合和支持,1
马毓真认为,0
公署的这些工作有利于保持香港国际金融、贸易、航运、旅游、信息中心的地位,1
有利于提高香港在国际上的地位,1
有利于香港发展对外关系,1
他说,0
公署还积极配合中国驻外使领馆,1
密切与特区政府有关部门联系与合作,1
协助处理了七起较大的涉及香港居民利益和生命安全的突发性事件,1
如金边空难、菲律宾游船翻船案、香港渔船被菲律宾和日本扣留案,1
以及金边军事冲突等；此外,0
还处理了九十余起其它领事保护案件,1
在处理领事保护案件过程中,0
公署及时将中国驻外使领馆官员提供的涉及香港居民的情况转告特区政府,1
并将其家属的有关要求及时反馈给中国驻外使领馆及当事人,1
马毓真强调,0
根据基本法有关规定,0
特区政府在对外事务方面享有广泛的授权,1
在这些经授权的对外事务方面,0
公署严格遵守基本法的规定,1
只向特区政府提供支持和协助,1
起协调和联络的作用,1
具体事务的处理完全由特区政府负责,1
他表示,0
保护香港居民在海外的合法权益是公署工作的重要组成部分,1
今后公署将进一步加强与各方面的沟通和联系,1
提高领事服务和保护的效率和质量,1
更好地维护海外香港居民的合法权益,1
他说,0
明年经济体制改革的主要任务是：坚持社会主义市场经济的改革方向,1
进一步调整和完善所有制结构,1
加快国有企业建立现代企业制度步伐,1
大力推进国有经济战略性改组；加快结构调整,1
妥善安置分流富余人员,1
实施再就业工程；深化金融体制改革,1
继续加强和改善宏观调控；推进粮棉流通体制改革,1
积极发展农业产业化经营；积极推进机构改革,1
转变政府管理经济方式,1
探索国有资产管理、监督和营运体制；深化社会保障和住房制度改革；着力搞好城市综合配套改革,1
力争在建立新体制方面取得实质性进展,1
李铁映说,0
明年中国深化国有企业改革的重点是整体推进,1
以公司制为主要形式,1
进行旨在建立现代企业制度的全面制度创新,1
中国政府最近提出,0
要用三年左右的时间,1
通过改革、改组、改造和加强管理,1
使大多数国有大中型亏损企业摆脱困境,1
力争到本世纪末使大多数国有大中型骨干企业初步建立现代企业制度,1
目前,0
国务院正在研究制定三年国有企业改革的具体规划和政策,1
李铁映指出,1
中国将积极推进以“抓大放小”为主要内容的国有企业战略性改组，在将国有企业改建为投资主体多元、股权结构合理的有限公司和股份公司时，在以资本为纽带构造母子公司体制，理顺集团内部关系时，都要防止行政方式的“拉郎配”、“归大堆”,1
要鼓励通过收购、兼并、联合,1
发展一批工技贸相结合跨地区、跨行业、跨所有制和跨国经营的大公司、大集团,1
据统计,0
目前中国共有国有企业三十多万家,1
其中国有大中型企业一万四千五百多家,1
近一段时期,0
中国国有企业改革的力度明显加大,1
企业间的收购、兼并、“强强联合”形成了一定的规模,1
李铁映说,0
住房制度改革要着眼于建立福利分配货币化的新机制,1
加快住房实物分配向货币分配转变的进程,1
在谈到农村体制改革时,0
李铁映强调,0
要坚持家庭联产承包责任制长期不变,1
积极探索建立土地使用权有偿流转制度,1
促进土地规模经营；要通过改革,1
逐步建立国家宏观调控下中央和地方责权分明、适应社会主义市场经济需要、适合国情的粮食流通体制；要通过推行农业产业化经营,1
增加农民收入和地方财政收入,1
培育新的经济增长点,1
李铁映说,0
中国有决心、有信心实现到本世纪末初步建立社会主义市场经济体制的目标,1
对一些阻碍新体制建立的体制因素,0
将有计划地重点突破,1
以加速实现资源配置市场化,0
福利分配货币化,0
公共服务社会化,0
经济运行法制化,1
开创经济体制改革的新局面,1
在即将过去的一九九七年,0
深圳、珠海、汕头、厦门、海南五大经济特区积极增创新优势,1
培育新的经济增长点,1
整个经济保持了强劲增长的势头,1
为向新世纪迈进继续构筑雄厚的实力基础,1
深圳特区国民经济一九九七年继续呈现喜人的增长势头,1
全年国内生产总值可达一千一百三十亿元,1
比去年增长百分之十六；地方预算内财政收入一百四十亿元,1
增长百分之六点三,1
财政收支状况良好,1
金融运行平稳,1
房地产市场渐趋回暖,1
今年深圳特区利用地处开放前沿的独特优势,1
大力加强对外经贸合作,1
成效显著,1
利用外资趋向多元化,1
大批特区企业走向国际资本市场直接融资,1
全年实际利用外资预计可达二十八亿美元,1
增长百分之十五点六,1
深圳外贸出口迅速回升,1
远洋贸易和机电出口比重提高,1
全市今年工业总产值预计达一千二百五十五亿元,1
增长百分之十七点五,1
香港回归后,0
深港两地经贸关系得到加强,1
深港西部通道等三大基础设施衔接项目目前进展顺利,1
随着一批大型基础设施项目建设的展开和陆续投入使用,1
珠海为跨世纪经济发展而构筑的立体交通框架已初具规模：广珠铁路已全面动工,1
京珠等高速公路建设紧锣密鼓地进行,1
珠海机场和珠海港已投入营运,1
经营状况良好；还有一批大型基础设施及其配套工程正在加紧筹建,1
珠海投资环境日臻完善,1
为国际财团投资提供了广阔的空间,1
美国的美孚、埃索、阿莫科,0
荷兰的壳牌,0
日本的岩谷,0
香港的长江实业等一批财团纷纷到珠海落户,1
据统计,0
今年头十一个月,0
珠海新批利用外资合同三百零一项,1
合同投资金额二十四点六亿美元,1
实际利用外资八点八九亿美元,1
比去年同期增长百分之十一点九,1
以海港、空港为中心,0
铁路、高速公路、跨海大桥为骨架的海陆空现代化交通体系的建立和完善,1
使汕头特区的区位优势日益明显,1
到今年年底,0
全市港口码头五千吨以上泊位达到二十六个,1
其中万吨级以上泊位八个,1
年综合吞吐能力二千一百一十二万吨,1
汕头机场开通国际国内航线四十四条,1
旅客吞吐量在全国民航系统居十一位,1
程控电话总容量达七十七点八一万门,1
移动电话平均每十人一部；今年八月国际海底光缆汕头登陆站奠基,1
预示着这里成为国际通信网络的重要节点,1
区位优势的变化促进了开放格局的变化,1
目前,0
汕头市累计批准利用外资合同一万二千五百二十二宗,1
实际利用外资五十一亿多美元,1
有四千七百五十六家三资企业投产、开业,1
今年前三个季度,0
全市新签外商直接投资项目一百四十八个,1
实际利用外资七点一六亿美元；全市出口总值三十点三二亿美元,1
比去年同期增长百分之八十四点三,1
进口总值二十一点八亿美元,1
同比增百分之三十点二,1
厦门港今年成为海峡两岸直航试点港后,1
货物运输被注入了新的生机和活力,1
立荣、万海等台湾大船务公司纷纷开通至厦门港的班轮,1
目前厦门港已拥有至日本、新加坡、韩国、美国、地中海等五条国际集装箱运输干线,1
形成了干支线相结合的集装箱航运体系,1
厦门市今年外贸进出口保持了稳步增长的态势,1
一至十月进出口总额六十四点一亿美元,1
增长百分之十三点六,1
其中出口和进口分别达三十五点二亿美元和二十八点九亿美元,1
均增长百分之十三点六,1
预计全年外贸进出口总额七十七亿美元,1
增长百分之十六点零,1
其中出口四十二亿美元,1
增长百分之十三点五,1
今年前十个月厦门市国有企业出口十六点三七亿美元,1
增长百分之二十三点六,1
并呈现出较强的增长后劲,1
海南特区经济今年以来在结构调整中实现了稳定健康发展,1
预计全年经济增长速度达到百分之六点七,1
比去年提高一点九个百分点,1
海南特区继续贯彻结构调整方针,1
大力促进新兴工业省、热带高效农业基地和海岛旅游胜地的建设,1
新兴产业经济格局显露出强劲发展势头,1
预计全省乡及乡以上工业累计完成销售产值二百三十亿元,1
比去年增长百分之十六,1
工业经济总体效益回升,1
独立核算工业企业实现利润增加,1
农业在稳定粮食种植面积,0
提高单产的同时,0
着力调整、优化经济结构,1
热带水果、瓜菜和畜牧、水产等优势产业进一步获得发展,1
粮食、水果、瓜菜、干胶产量均达到或超过历史最好水平,1
独具特色的海岛旅游业发展迅猛,1
全年来琼旅游的游客达到七百九十万人次,1
旅游收入五十五亿元,1
比去年增长百分之十点二九,1
中国化工行业克服上半年出现的全行业亏损局面,1
全年完成工业总产值二千七百八十亿元,1
增长速度为百分之八,1
继续保持稳定增长,1
记者从今天在京召开的全国化工厅（局）长会议上了解到,0
中国化工行业六月份实现扭亏为盈,1
全年预计实现利税一百八十亿元,1
全国省区中,0
有二十七个省、自治区和直辖市化工总产值比去年有所增长,1
化学工业部部长顾秀莲在会议所作的主旨报告中指出,0
中国今年化工行业尽管面临多项减利因素、效益下滑的严峻形势,1
但以深化国有企业改革为突破口,1
较好完成了全年生产和建设任务,1
她介绍说,0
全行业全年生产化肥二千七百二十万吨,1
其中尿素产量为二千三百万吨,1
增长百分之十二,1
较好适应了农业发展需要,1
她说,0
化工重点项目建设进展较快,1
全年可完成化工固定资产投资三百一十八亿元,1
建成投产大中型化工项目十五个,1
她认为,0
化工国有企业改革取得较大进展,1
在股份制改造中,0
已有四十八家化工国有企市成为上市公司,1
筹措资金一百五十亿元,1
盘活了存量资产,1
她特别强调,0
今年化工进出口贸易进一步扩大,1
化工出口可望实现一百五十亿美元,1
同比增长百分之二十一,1
全年进出口总额可达三百四十亿美元,1
比去年增长百分之十点七,1
她说,0
化工行业一九九八年总产值可达到三千亿元,1
继续保持百分之八的增长,1
化工出口额力争达到一百六十亿美元,1
化工产品产销率力争达到百分之九十七,1
经过十多年的建设,0
宁波北仑港已拥有二点五万吨至二十五万吨的码头十六座,1
成为中国最大的深水泊位群,1
港口的发展带动了北仑港畔原是封闭半封闭自给自足的农村经济向华东重化工基地、重要贸易口岸和浙江省最大出口加工区发展,1
港口优势和宁波开发区的开放政策的双重效应,0
受到了国际大公司的青睐,1
一九九三年以后,0
一千万美元以上的大项目每年以十几个、二十几个的速度发展,1
总投资三十亿美元的美国协和石化项目,0
总投资超过二百亿元的北仑钢铁厂,0
投资规模亚洲同行第一的“兴洋毛毯”、中国国内规模最大的“正大粮油”、生产规模世界第一的“宁波麦芽”等大公司均落户此地,1
都是看中了北仑大港口的优势,1
北仑港的兴起,0
还带动了当地一些地方企业的发展,1
如宁波海天机械制造有限公司原来是一个不起眼的作坊,1
他们借助港口的便利条件,1
不断开发出口新品进入美国、西班牙、希腊、澳大利亚等二十多个国家,1
目前已成为中国特大注塑机专业制造公司,1
列中国机械部大中型企业综合指数百强之首,1
目前,0
宁波北仑区沿海二十公里黄金海岸的一百多平方公里的带状地段,0
已星罗棋布地矗立起投资一千万美元的大项目近七十个,1
形成一个以石化、钢铁为主导,0
电力、机械、电子、轻纺、建材、塑胶等多种产业辅助发展的新兴大工业经济带,1
本次洽谈会由国务院特区办公室与江苏、上海、天津、安徽、四川和陕西等省市主办,1
中国信息协会协办,0
陕西省人民政府承办,1
四川省和安徽省是首次参加,1
这是继今年举办的首届中国东西部投资与贸易洽谈会之后,0
陕西省第二次承办这一活动,1
洽谈会参会人数预计将超过万人,1
其中邀请海外客商、驻华机构代表约一千人,1
规模将超过以往,1
据介绍,0
项目洽谈、产权交易、商品贸易和技术合作是洽谈会的工作重点,1
洽谈会组委会常务副主任、陕西省副省长贾治邦说,0
本次洽谈会将本着“互利、合作、发展，把东西部合作全面推向二十一世纪”的原则,1
以突出东西部地区的横向联合与合作为主要内容,1
精选一批符合国家产业政策的合作项目,1
面向国内外市场招商,1
同时,0
西部地区还将拿出优势资源,1
吸引东部投资兴建原材料基地、联办资源开发与深加工以及劳动密集型项目,1
有关省市还将推出一批企业,1
积极促进东西部省际间的企业实施联合、兼并、收购、租赁、控股,1
在更大的范围内实现国有资产的优化重组和规模扩张,1
据介绍,0
在这三十多万家外资企业中,0
中外合资经营企业十八万二千零五十九家,1
占六成；中外合作经营企业四万四千零九十四家,1
约占百分之十五；外商独资企业七万六千一百六十一家,1
约占百分之二十五,1
目前,0
中国利用外商投资多元化格局已初步形成,1
资金来源于一百七十多个国家和地区,1
截至到今年九月底,0
按实际使用外资金额排序,0
在中国投资最多的前十位国家和地区依次是：香港、台湾、日本、美国、新加坡、韩国、英国、德国、维尔京群岛、法国,1
居前十位的这些国家和地区在中国的投资占全国实际使用外资金额的百分之九十一多,1
亚洲国家和地区是中国主要外资来源,1
来自香港、台湾、日本、韩国、东盟等国家和地区,0
投资额占全国利用外资总额的百分之八十五以上,1
其中香港仍是内地吸收外资的主要来源,1
占累计实际吸收外商投资的比重为百分之五十五以上,1
欧盟委员会于去年十一月通过了《欧盟对华新战略》,1
强调欧盟对华政策的全面性、独立性和长期性,1
表示要进一步促进双方在经贸、科技及发展援助等领域的交流与合作,1
日前,0
当记者在这里专访欧盟欧洲委员会驻华代表团团长魏根深大使,0
请他评价这一年来双方的合作成果时,1
他毫不迟疑地说：“欧盟同中国的政治关系、贸易关系以及在投资等方面的合作在一九九七年都取得了显著的发展,1
这位大使为论证他的结论所列举的事实是令人信服的：一年来,1
欧盟国家和中国有了比以往更频繁的高层互访；在国际事务中,0
欧盟同中国进行了很好的合作,1
例如,0
中国在欧亚会议的进程中发挥了非常积极的作用,1
欧盟国家领导人期待着明年四月在伦敦举行的第二次欧亚会议上同中国领导人会晤；在中国加入世界贸易组织的问题上,0
欧盟同中国进行了频繁而积极的对话,1
并取得了很大的进展；今年十月,0
欧盟委员会副主席布里坦爵士访华时同中国外经贸部部长吴仪也就中国加入世贸组织问题进行了非常有成果的对话,1
双方在一些原则性问题上达成了共识,1
目前欧盟同中国关于中国加入世贸组织的谈判已进入重要阶段,1
双方正积极进行这方面的对话；欧（盟）中贸易增长,1
欧盟对中国的实际投资也保持了增长的势头；欧盟委员会最近决定向欧盟部长理事会提议将中国从以前的“非市场经济国家”名单中排除,1
这表明欧盟认识到中国经济正在向市场经济发展；欧盟仍然是向中国提供高技术的最好供应方之一；一九九七年,0
欧盟在同中国的合作项目上所提供的援助资金超过六千五百万埃居（一埃居约合一点二美元）,1
是一九九四年的三倍,1
这位大使告诉记者,0
目前欧盟同中国正在进行的合作项目有三十个,1
双方还就许多新的项目签署了协议,1
他透露,0
欧盟在一九九八年同中国的合作项目上计划提供的资金将保持今年的水平,1
在谈到来年欧（盟）中关系前景时,0
魏根深大使说,0
一九九八年欧洲将有许多高级官员访问中国,1
他预计在未来的一年中,0
欧（盟）中政治关系将进一步加强,1
贸易和投资将继续增长,1
双方关于中国加入世贸组织的谈判将取得进一步的成果,1
任命戴光前为人事部副部长,1
王君为煤炭工业部副部长,1
张海涛为广播电影电视部副部长,1
史纪良为中国人民银行副行长,1
陈耕为中国石油天然气总公司副总经理,1
王永秋为驻旧金山总领事（大使衔）,1
霍淑珍为驻圣保罗总领事,1
陆琪为驻福冈总领事,1
安启光为驻卡拉奇总领事,1
李志国为驻迪拜总领事,1
刘峻岫为驻巴塞罗那总领事,1
王格武为驻蒂华纳总领事,1
免去俞晓松的国家经济贸易委员会副主任职务,1
张福森的司法部副部长职务,1
张柏林的人事部副部长职务,1
濮洪九的煤炭工业部副部长职务,1
刘习良、何栋材、杨伟光的广播电影电视部副部长职务,1
夏赞忠的新华通讯社副社长职务,1
李毅中的中国石油化工总公司副总经理职务,1
张轰的中国石油天然气总公司副总经理职务,1
宋增寿的驻旧金山总领事（大使衔）职务,1
谬启平的驻圣保罗总领事职务,1
吴从勇的驻福冈总领事职务,1
王修才的驻卡拉奇总领事职务,1
闻兆祥的驻迪拜总领事职务,1
许昌财的驻巴塞罗那总领事职务,1
麦国彦的驻蒂华纳总领事职务,1
中国拟出台多项新的优惠政策,1
以保证积极合理有效地利用外资,1
完善对外开放格局,1
国家计委有关部门介绍,0
为拓宽利用外资的渠道,1
中国将对于ＢＯＴ、项目融资、在海外发行股票等多种方式积极试点逐步开展,1
扩大与发达国家及广大发展中国家的合作,1
扩大对外开放领域,1
继续保险业、零售商业的利用外资试点,1
并在矿业资源开发、分销等行业推出新的利用外资政策,1
国家税务总局提供的信息表明,0
从明年开始,0
外商投资ＢＯＴ项目继续享受税收优惠,1
其优惠政策范围包括从事ＢＯＴ项目的投资企业和投资者个人,1
国务院特区办有关负责人表示,0
为鼓励外商到中西部地区进行投资,1
对中国产业政策中限制外商投资,0
但能发挥人力资源的项目,0
允许外商在中西部兴办,1
此外,0
中国将鼓励中外合资建设并经营公用码头泊位,1
允许外商独资建设货主码头及其专用航道,1
经批准,0
外国公司可在中国设立中外合资海运公司,1
外国海运公司可依据两国政府间海运协定,0
设立独资船务公司,1
据统计,0
到目前为止中国已累计批准外商投资企业逾三十万家,1
实际使用外资约二千亿美元,1
利用外资已占全社会固定资产投资的二成以上,1
据分析,0
由于企业改革的推进,0
中国对于外资的需求将随之增加,1
外商投资的行业也将日益扩大,1
新政策陆续出台,1
表明中国将积极引导外资的投向,1
达到合理利用外资的目的,1
今后一段时期,0
中国将鼓励外商投资农业新技术和土地资源综合开发以及水利、能源、交通、重要原材料、机械电子、矿业等基础产业和支柱产业,1
鼓励外商采用高新技术参予中国企业的技术改造,1
深圳特区今年全年国内生产总值可达一千一百三十亿元,1
比去年增长百分之十六；地方预算内财政收入一百四十亿元,1
增长百分之六点三,1
今年深圳全年实际利用外资预计可达二十八亿美元,1
增长百分之十五点六,1
香港回归后,0
深港两地经贸关系得到加强,1
深港西部通道等三大基础设施衔接项目目前进展顺利,1
深圳特区今年推进国有企业改革成效显著,1
全市今年工业总产值预计达一千二百五十五亿元,1
比去年增长百分之十七点五,1
珠海的立体交通框架已初具规模,1
投资环境日臻完善,1
美国的美孚、埃索、阿莫科,0
荷兰的壳牌,0
日本的岩谷,0
香港的长江实业等一批财团纷纷到珠海落户,1
据统计,0
今年头十一个月,0
珠海新批利用外资合同三百零一项,1
合同投资金额二十四点六亿美元,1
实际利用外资八点八九亿美元,1
比去年同期增长百分之十一点九,1
海陆空现代化交通体系的建立和完善,1
使汕头特区的区位优势日益明显,1
到今年年底,0
全市港口码头年综合吞吐能力达二千一百一十二万吨,1
汕头机场开通国际国内航线四十四条,1
程控电话总容量达七十七万多门,1
移动电话平均每十人一部,1
目前,0
汕头市累计批准利用外资合同一万二千多宗,1
实际利用外资五十一亿多美元,1
今年前三个季度,0
全市新签外商直接投资项目一百四十八个,1
实际利用外资七点一六亿美元；全市出口总值三十点三二亿美元,1
比去年同期增长百分之八十四点三,1
进口总值二十一点八亿美元,1
同比增百分之三十点二,1
厦门港今年成为海峡两岸直航试点港后,0
立荣、万海等台湾大船务公司纷纷开通至厦门港的班轮,1
目前厦门港已拥有至日本、新加坡、韩国、美国、地中海等五条国际集装箱运输干线,1
厦门市今年一至十月进出口总额六十四点一亿美元,1
增长百分之十三点六,1
其中出口和进口分别达三十五点二亿美元和二十八点九亿美元,1
均增长百分之十三点六,1
预计全年外贸进出口总额七十七亿美元,1
增长百分之十六,1
今年前十个月厦门市国有企业出口十六点三七亿美元,1
同比增长百分之二十三点六,1
海南特区经济今年预计全年经济增长速度达到百分之六点七,1
比去年提高一点九个百分点,1
今年预计全省乡及乡以上工业累计完成销售产值二百三十亿元,1
比去年增长百分之十六,1
农业进一步获得发展,1
粮食、水果、瓜菜、干胶产量均达到或超过历史最好水平,1
全年来琼旅游的游客达到七百九十万人次,1
旅游收入五十五亿元,1
比去年增长百分之十点二九,1
中国进出口银行与中国银行今天签署了《出口卖方信贷委托代理协议》,1
两行间互利互补的合作关系由此进入了一个新的阶段,1
中国进出口银行是一九九四年成立的一家政策性银行,1
其主要任务是为中国机电产品和成套设备等资本性货物出口提供政策性金融支持,1
中国银行是中国四大国有商业银行之一,1
也是中国的主要外汇银行,1
它在海内外拥有较为发达的分支机构网络,1
由于机电产品出口企业分布在全国各地,1
而进出口银行在各地的分支机构数量有限,1
加之缺少结算等手段,1
这在一定程度上影响和制约了银行为企业提供优质高效服务能力的发挥,1
也给政策性银行加强信贷资产管理构成了困难,1
借助商业银行遍布全国的营业性分支机构网络和优势,1
将政策性金融业务委托给商业银行代理,0
是缓解上述问题的一条有效途径,1
有鉴于此,0
中国进出口银行在成立之初即开始了与国有商业银行的合作,1
并最先与中国银行签署了《委托代理协议》,1
三年来两行间的委托代理业务开展顺利,1
在中国进出口银行累计为出口企业提供的三百二十六亿元人民币出口卖方信贷中,0
近百分之七十的贷款是通过中国银行总行及其分支机构拨付到企业的,1
仅今年前十一个月,0
中国进出口银行就与中国银行系统的十七家分行签订了二十四份项目委托代理协议,1
协议总金额达十四亿元人民币,1
两个银行的负责人在今天的签字仪式上一致表示,0
这次委托代理协议的改进和续签,1
将进一步促进政策性银行与商业银行的联系与合作,1
有利于充分发挥两行各自的优势,1
共同推动中国的外贸事业,1
特别是机电产品的出口,1
长江三峡工程二期工程最大标段泄洪大坝及相关工程保险合同,0
今天由中国长江三峡工程开发总公司与中保财产保险公司在三峡工程工地签定,1
保险金额达四十点二亿元,1
是中国保险史上最大的一份水利水电建筑安装工程保险合同,1
作为三峡工程主承保商,0
中保财产保险公司把自身发展与三峡风险管理需要结合起来,1
组建了服务三峡工程的专业机构,1
采取多种形式为三峡工程服务,1
截止到目前,0
中保财产保险公司已为三峡工程一百三十四个工程项目、近百亿元工程投资提供保险服务,1
承保了西陵长江大桥、永久性船闸、一期土石围堰及导流明渠、对外专用公路、二期围堰、二期工程泄洪大坝和挡水大坝等大型项目,1
对发生的灾害事故及时进行补偿,1
据介绍,0
三峡工程二期工程主要包括泄洪大坝、厂房大坝及厂房等标段,1
三峡开发总公司在积极作好风险防范的同时,1
也十分注重向保险公司分散风险,1
根据今天签定的泄洪大坝及相关工程保险协议,0
若工程发生保险责任范围内的自然灾害或意外事故造成的经济损失,1
中保财产保险公司将按规定进行赔偿,1
今年以来,0
企业欠缴国家工商税款持续增加,1
直接危及到国家财政的平衡,1
对此,0
国家税务总局副局长卢仁法在接受记者采访时强调,0
依法纳税是每个纳税人应尽的义务,1
对那些没有任何正当理由长期欠缴国家税款的企业,0
税务部门将依照《征管法》的有关规定,1
对其采取税收保全措施,1
同时将阻止欠缴税款的纳税人出境,1
据卢仁法介绍,0
经过全国税务系统八十万干部的努力,0
今年全国工商税收收入任务已提前十一天超额完成,1
总体情况比较好,1
但企业欠缴税款的情况比较严重,1
尤其是企业欠缴增值税和消费税这“两税”的问题突出，严重影响了今年“两税”任务的完成,1
到十一月底,0
全国企业欠缴的工商税款累计达到了四百一十九亿元,1
其中欠缴国内增值税和消费税就达三百零七亿元,1
卢仁法要求各级税务部门必须严格执行《中华人民共和国税收征收管理法》的有关规定,1
对企业欠税一律加征滞纳金,1
对有特殊困难需要缓缴税款的企业,0
要依法从严审批,1
并在缓缴期满后即将税款补缴入库,1
绝不允许以困难为由长期拖欠国家税款,1
要将清理欠税与税收返还、出口退税、期初存货已征税款的抵扣等工作紧密结合起来,1
卢仁法特别强调,0
为保证税法的严肃性,1
对那些长期欠缴税款的企业,0
要依照《征管法》的规定,1
阻止企业领导人出境,1
同时要采取税收保全措施,1
即通知企业开户银行或其他金融机构暂停支付其相当于欠税额的存款；对那些没有正当理由,0
长期欠缴国家税款的纳税人,0
则要对其采取暂时扣押、查封其商品和财产的措施,1
在限期期满后仍没有缴纳税款的,0
要依法拍卖,1
据国家科委最近公布的全国科技进步统计监测综合评价结果表明,0
广东的科技综合实力排在上海、北京之后居全国第三位,1
科技产出指标居全国第一位,1
今年广东省专利申请量继续居全国各省市之首,1
从九十年代初,0
广东就把依靠科技进步作为推动全省经济发展的重要措施,1
并为此先后制定和颁发了四十多个保障科技发展的地方性科技政策法规和规章等,1
使全省在科技计划和项目管理、科技条件和经费管理、科技成果和奖励管理、科技机构和科技人员管理、技术市场和专利管理等方面,0
都有了一套比较完整的管理办法,1
广东省各级政府近几年不断加强对科技的投入,1
初步建立起多层次、多渠道的科技投入新体系,1
广东省建立了自然科学基金,1
每年投入在一亿元以上；省级用于新产品开发等科技三项经费每年以百分之十的速度增长,1
高于全省财政收入的增长速度,1
近年来,0
该省又建立了成果转化科技风险资金、科技创业投资资金和高新技术产业发展资金,1
一些市、县还设立科技发展基金等,1
这些基金和资金的投入,0
有力地支持了省重点实验室和各工程技术研究开发中心的建设,1
促进了科技成果的产业化,1
近年来,0
广东省以珠江三角洲为龙头,1
以电子信息、生物技术、新材料、机电一体化等七大高新技术领域为重点,1
大力推进高新技术产业的发展,1
这几年,0
全省共实施火炬计划项目七百八十四项,1
经省认定的高新技术企业达五百六十九家,1
在国家科委公布的第一、二批国家重点高新技术企业中,0
广东占了百分之二十,1
目前,0
广东已建立广州、中山、深圳等六个国家级的高新技术产业开发区和三个省级高新区,1
入区企业达二千五百八十家,1
其中高新技术企业三百一十五家,1
据统计,0
今年全省高新区的技工贸总收入、完成的工业总产值均比去年有较大幅度增长,1
记者从天津海关了解到,0
近日通用半导体（中国）有限公司等二十家外商投资企业通过天津海关的考核,1
成为享受海关优惠政策的保税工厂,1
至此,0
天津经济技术开发区已有九十九家外商投资企业成为保税工厂,1
据介绍,0
近年来天津海关积极与国际惯例接轨,1
从加强对企业宏观管理,0
优化通关环境,0
促进企业提高贸易效率出发,1
大力推广保税工程制度,1
经济技术开发区做为当地新的经济增长点,1
加工贸易发展迅速,1
目前已有二百二十家从事加工贸易的外资企业,1
保税工厂已占到企业总数的百分之四十一,1
逐步形成了涉及电子、化工、纺织、通讯以及汽车等行业的保税工厂体系,1
摩托罗拉、三星电子、雅马哈等都是其中的一员,1
据天津开发区海关官员介绍,0
保税工厂降低了贸易成本,1
提高了贸易效益,1
通用半导体（中国）有限公司成为保税工厂后,1
每天减少流动资金占用五十万美元,1
该公司介绍,0
在未来的五年内他们将追加投资九千万美元,1
届时,0
预计年产值可达三亿美元,1
中国企业状告美国第一国民银行赔偿一案,1
经上海市“段和段律师事务所”一年多的艰难诉讼,0
最近在美国新墨西哥州联邦地方法院达成调解协议,1
美国第一国民银行共赔偿三家中国企业一百八十五万五千美元,1
上海家用纺织品进出口公司一九九三年起与美国新墨西哥州商业资源公司建立贸易关系,1
双方同意采用银行托收的方式付款承兑商业票据,1
但美国第一国民银行私下一直将中国寄来的快件（其中包括提单等商业票据）无偿地递送给ＣＲ公司,1
ＣＲ公司在凭提单拿到货物后,0
拖延付货款或不付款,1
拖欠货款最高达一百八十五万美元,1
去年四月,0
ＣＲ公司开始了其破产程序,1
其所有资产的偿债率仅为百分之五,1
上海荣恒国际贸易进出口公司、浙江省嘉兴天发丝绸进出口公司与上述情况相似,1
因此,0
这三家企业聘请上海“段和段律师事务所”全权代理在美国的起诉、索赔等法律事务,1
经过一段时间的准备,0
留美硕士段祺华律师与新墨西哥州当地的律师正式向美国新墨西哥州联邦地方法院递交了状告美国第一国民银行的诉状,1
在庭审中,0
对方律师竟对中方托收银行寄送托受文件的事实全盘否认,1
段祺华律师和他的同事们为此又进行了艰苦的调查取证,1
终于取得了文件送递的快件号码和第一国民银行签收的证据,1
今年九月初,1
美国新墨西哥州联邦地方法院作出判决：原告提出的诉讼请求,0
事实清楚,1
证据充分；被告第一国民银行明显违反了美国商法典第四章和国际商会的第三二二条款,1
并确定该银行对上海家用纺织品进出口公司共三十一笔托收单据的款项承担全部责任,1
索赔一百八十五万美元,1
最终双方以一百七十万美元达成协议,1
同时,0
被告还以十五万五千美元的赔偿总额与上海荣恒国际贸易进出口公司以及浙江省嘉兴天发丝绸进出口公司达成调解协议,1
最近,0
“段和段律师事务所”已将总共一百八十五万五千美元的赔款,0
汇给这三家企业,1
据了解,0
上海市“段和段律师事务所”是由留美硕士段祺华律师在一九九三年回国创办的,1
近年来,0
这个律师事务所已在国际上打嬴了十余起涉外经济案件,1
为国内企业和公民追回赔款近千万美元,1
今年以来,0
中国经济强省江苏省进一步扩大开放,1
大力改善投资环境,1
使开放型经济实现了全面、快速发展,0
对外贸易、利用外资和对外经济技术合作,1
都获得了大幅度增长,1
江苏是中国第三大外贸口岸,1
对外贸易已连续多年以两位数快速增长,1
今年到十一月底,0
全省实现进出口额首次突破二百亿美元,1
达二百零二点一二亿美元,1
其中出口一百三十九点六亿美元,1
比去年同期分别增长百分之二十一点九三和百分之十七点九五,1
近年来,0
江苏省在对外开放中下大力气进一步改善投资环境,1
获得重大进展,1
增强了对外商投资的吸引力,1
据统计,0
近五年,0
江苏省通过政府投资、吸引外资和民间集资等多种渠道筹措资金,1
向能源、交通、通讯等基础设施领域投资八百多亿元人民币,1
建成一大批能源和交通通讯设施,1
随着南京禄口国际机场、徐州观音机场、南通兴东机场和沪宁高速公路以及宁通、宁连、宁徐、宁盐等一级公路的建成开通,0
全省形成了以南京为中心的海、陆、空现代化交通网络,1
投资环境的进一步改善,1
使外商对江苏的投资信心不断增强,1
投资规模不断扩大,1
一到十一月份,0
全省新批外商直接投资项目一千八百一十九个,1
协议外资七十六点九四亿美元,1
规模居全国第一位,1
今年以来,0
国际跨国公司继续踊跃投资,1
其中,0
一千万美元以上的大项目二百一十三个,1
协议外资五十九点三四亿美元,1
分别占总量的百分之十二点六和百分之八十二点四,1
特别是已办成的项目,1
外商纷纷追加投资,1
仅据二百三十四个项目统计,0
合同外资增资额即达十二点三四亿美元,1
分别比去年同期增加百分之二十六和百分之一百一十九,1
是近几年情况最好的,1
特别是中新合作开发的苏州工业园区、昆山经济技术开发区、张家港保税区等十一个国家级开发区,1
一直是外商投资的热点,1
今年吸引的外资占全省一半,1
江苏省对外经济技术合作事业今年继续保持旺盛的发展势头,1
一到十一月份,0
全省新签对外承包工程和劳务合作项目、实际完成的营业额以及在外劳务人数分别比去年同期增长百分之三十以上,1
广东省汕头市推进高新技术产业化,1
重点培育一批高附加值、高技术含量、有广阔市场前景的重大产业化项目,1
目前,0
高新技术已经成为汕头经济新的增长点,1
据汕头市科委主任张英强介绍,0
汕头市已经初步形成了一批高新技术产业和骨干企业,1
其中,0
已被广东省科委认定的高新技术企业二十家,1
超声、海洋两家集团公司已被国家科委认定为“全国首批国家重点高新技术企业集团”,1
电动汽车是中国“九五”期间（一九九六至二０００年）的重大科技产业化工程项目,1
国家把电动汽车运行试验示范区定点在汕头市南澳县,1
目前已开始在汕头和南澳县试运行,1
汕头市是中国五大经济特区之一,1
一九九三年以来,0
汕头市政府先后提出“科教兴市”和“创办科技型经济特区”的战略方针,1
颁布实施“科技攀登计划”,1
采取一系列措施加速科技进步,1
目前,0
科技进步对该市经济增长的贡献率达百分之四十点六,1
科技工作呈现良好的发展势头,1
汕头高新技术开发区建设初具规模,1
首期开发的一平方公里的东片区,0
已建成厂房面积二十五万平方米,1
在建厂房四十幢,1
电力开关站、保税区、科技宾馆等一批配套设施已相继建成,1
目前,0
进区高科技项目一百六十五项,1
协议总投资额六十二亿元人民币,1
其中外资占一半,1
入区企业一百二十二家,1
已有七十家拥有自己的产品,1
高新区建立三年来,0
技工贸总收入累计达三十三亿元,1
工业总产值为二十四亿元,1
出口创汇达六千多万美元,1
科技成果推广转化取得明显的成效,1
三年来,0
汕头市通过引进国内外科技成果进行开发应用,1
直接形成新产品、新材料、新工艺的项目近六百项,1
其中有直接经济效益的四百多项,1
创产值一百多亿元,1
创汇五亿多美元,1
培育高新技术企业技术创新机制,1
使企业成为技术开发和技术应用的主体,1
汕头超声仪器研究所,0
坚持走引进和自主研究开发相结合的路子,1
先后研究开发四十多项高新技术产品,1
年产值逾一亿元,1
被誉为“中华Ｂ超”的超声显像诊断仪远销欧美国家和其他地区,1
此外,0
具有现代化设施的汕头科技馆已于今年十一月竣工投入使用,1
它作为汕头市开展国内外科技交流、科技服务和科技开发等科技活动的重要基地,1
对促进高新技术与经济紧密结合将发挥重要的作用,1
陕西省将在明年春季“九八中国东西部合作与投资贸易洽谈会”上,0
推出一批国有小企业,1
面向国内外客商公开拍卖,1
这个省目前已制定优惠政策,1
鼓励省内外国有企业、集体企业、私营企业、民营科技企业、外资企业和社会自然人,0
以各种方式参与陕西国有小企业改革,1
鼓励国有小企业跨行业、跨地区、跨所有制寻找合作对象,1
主动与优势企业“联姻结亲”和互相兼并,1
陕西国有小企业占国有企业总数的九成以上,1
固定资产占国有企业的三成上,1
职工人数占总数的五成以上,1
陕西省提出,0
明年将全省国有小企业基本上放开搞活,1
日前出台的优惠政策包括,0
对有净资产、经营比较好的企业,0
企业资产出售给法人和社会自然人的,1
给予适当优惠；实行拍卖的,1
可减免有关税收；实行股份合作制改制的,0
国有净资产优先出售给本企业职工,1
企业产权转让的收入,0
除用于安置职工外,0
要集中起来再投资,1
经评估资债相当的企业,0
实行“零资产”出售,1
债随资走,1
出售给本企业全体职工的,0
企业所有制形式和职工身份同时改变,1
出售给法人和社会自然人接受职工安置的,0
买断国有职工工龄的费用,1
可采用减免地方税收的办法解决；不安置职工的,0
买断国有职工工龄的费用,1
按财务隶属关系,0
在国有净资产出售收入中支付,1
对资不抵债、濒临破产的企业,0
可以采取改组企业管理层、改变企业资产经营形式、引导企业组织结构调整等措施,1
予以重组,1
对救活无望的企业,0
坚决实行依法破产,1
破产时,0
资产变现的收入首先用于安置职工,1
不足部分用土地出让金弥补,1
股份合作制是放开国有小企业的重要形式,1
按此形式改制的企业可享受所得税超基数返还、不动产暂免征收营业税等优惠政策,1
实行兼并的,0
兼并方享受被并企业原有的政策性亏损补贴,1
也可用企业公积金补亏,1
不足部分可税前列支,1
改制企业的非银行债务,1
可将债权转为股权；缴纳税款有困难的,0
可实行“陈欠暂缓、新税不欠、挂税免罚、逐年缴清”,1
台湾经济学家侯家驹周一在台湾《经济日报》上发表了题为《三谈戒急用忍》的文章,1
指出台湾当局对台商投资祖国大陆采取“戒急用忍”的限制政策将产生诸多弊端,1
侯家驹指出,1
台湾当局说“戒急用忍”是限制大型企业赴祖国大陆投资，对中小企业并无影响，实则非然。目前，台湾当局把资本额在六千万元台币以下作为中小企业，而事实上台湾目前的中小企业大都具有相当的规模，仅以去年排名前十位的中小企业为例，其营业净收入最少的为三十三点六五亿元台币，最高者达一百亿元台币。显然，实行“戒急用忍”的政策,1
结果是平白地损失在祖国大陆的很多商机,1
侯家驹认为,0
“戒急用忍”的政策对于对祖国大陆的出口贸易也有影响,1
因为台湾对祖国大陆的出口中,0
有很大部分是由于台商在祖国大陆投资设厂而必须运去机器设备零组件及中间原材料的缘故,1
近年来,0
台湾从祖国大陆获得的贸易顺差累计已达八百亿美元,1
与台湾的外汇储备相差无几,1
在金融风暴未见缓和的今天,0
愈来愈凸显这一顺差的重要性,1
台湾岂能为了“戒急用忍”而降低对祖国大陆的出口？因为这将减少来自祖国大陆的贸易顺差,1
侯家驹指出,0
“戒急用忍”政策也阻碍了外商投资台湾,1
因为投资台湾的多数外商想借此方便与台资共同投资祖国大陆,1
因此,0
这一政策在阻碍本地企业发展的同时,1
也限制了外商投资台湾的意愿,1
据悉,0
侯家驹针对“戒急用忍”政策已先后在台湾报纸上发表了三篇文章,1
指出台湾当局这一错误的大陆经贸政策是违反“自由经济基本哲学”,1
希望能对台湾当局“晓以利害”,1
陕西省目前批准的外资项目已达二千四百多个,1
协议利用外资额四十多亿美元,1
实际引进外资超过十六亿美元,1
引进外资规模居中国西北五省区之首,1
从一九九三年起,0
陕西省对招商引资工作进行了政策调整,1
吸收外商投资由优惠政策导向向市场导向转变,1
确立了“以资源换技术，以产权换资金，以市场换项目，以存量换增量”的利用外资新思路,1
并制定了《陕西省利用外资实施办法》、《陕西省外商投资企业管理办法》、《保护外商投资企业合法权益六项规定》等文件,1
为引进外资工作在更高层次展开,0
提供了可靠的政策保证,1
同时,0
建立起了有外贸、工商、税务等有关部门参与的高效优质综合服务体系、投资者人身资产和收益安全保障体系、符合国际惯例的涉外法规体系和灵敏快捷的信息体系,1
大大提高了办事效率和工作质量,1
全省利用外资规模迅速扩大,1
陕西省日益改善的投资环境,0
吸引了大批外商前来投资办厂和洽谈生意,1
迄今为止,0
已有五十多个国家和地区的投资商在陕西开办了企业,1
美国英特尔公司、英国罗罗公司、韩国大宇公司、德国西门子公司、荷兰ＭＥＰ公司等一批跨国公司,0
均相继在陕西建立了合资或独资公司,1
目前,0
外商在陕西的投资区域已由关中平原辐射到陕南山区和陕北黄土高原,1
“三资”企业遍布全省十个地市,1
生产经营涉及电子、医药、食品、房地产和汽车制造等十多个行业,1
其中工业企业占三分之二,1
地处中国西北部的甘肃省去年经济发展势头看好,1
逐渐形成“高增长、低通胀”的发展格局,1
甘肃一九九七年全省国内生产总值达七百八十一点三亿元,1
同比增长百分之八点三；零售物价涨幅则从上年的百分之六点六下降到百分之一点八,1
居民消费价格涨幅由百分之十九点八下降到百分之三,1
甘肃省积极实施科技兴农战略,1
推广地膜覆盖、节水灌溉、集雨节灌等农业适用技术和增产措施,1
农业获得较好收成,1
全年粮食总产量达七十六点六亿公斤,1
全省全年有九十一点六万人解决了温饱问题,1
去年,0
甘肃省国有大中型企业效益开始回升,1
一至十月,0
净亏损比上年同期减少五千多万元,1
全年全省完成工业增加值二百八十七点一亿元,1
比上年增长百分之十点三,1
与此同时,0
固定资产投资力度加大,1
投资总额达二百六十亿元,1
同比增长百分之二十一,1
此外,0
甘肃对外开放发展态势良好,1
全年出口创汇完成四亿美元,1
进口二点五亿美元,1
全年实际利用外资达二点六亿美元,1
——有利香港经济长期繁荣稳定,1
内地经济长期稳定地增长,1
香港经济将从充满活力的内地经济中获益,1
——可以为香港提供更多的商业机会,1
随着内地贸易、金融、零售等服务业有步骤地对外开放,0
香港服务业将获得更广泛的发展空间,1
——有利巩固香港的贸易和航运中心,1
到二０一０年,0
内地的对外贸易总额可望达到八千亿美元,1
无疑会增加对香港转口和转运的需求,1
有利巩固香港的贸易和航运中心地位,1
——进一步推动香港金融市场的发展,1
随着国企改革的深入,0
将有更多的股份制企业到境外上市,1
香港将是国企境外上市的首选地点,1
这将扩大港股的规模、改善股市结构,1
推动香港债券市场的发展,1
香港也会出现更多的中国基金,1
这一切都将巩固和增强香港的国际金融中心地位,1
——有利增强香港产品的国际竞争力,1
通过内地和香港的经济互补关系,0
将两地优势结合起来,1
可增强港产品的国际竞争力,1
经过五年多的开发建设,0
海南洋浦经济开发区迎来工业建设高潮,1
五个工业启动项目有的竣工投产,1
有的即将动工兴建,1
洋浦经济开发区管理局局长王永春说,0
开发区招商工作取得突破性进展,1
开发区建设已由土地开发迈向工业项目建设的新阶段,1
日前,0
洋浦开发区工业启动项目之一的六十万吨木浆厂已获国务院批准兴建,1
这个全国最大规模的木浆厂将由新加坡亚洲浆纸业股份有限公司投资十二点八三亿美元兴建,1
年产漂白商品木浆六十万吨,1
首个工业启动项目－－金岛精米加工厂已于去年底竣工投产,1
这个由澳门远东（泰国）集团公司与海南省粮油集团公司等联合投资三千万美元兴建的精米加工厂,1
采用国外九十年代最先进的生产设备和工艺流程,1
年加工三十万吨糙米,1
加工后的精米百分之七十出口,1
开发区的其他三个启动项目高速线材厂、橡木地板厂、浮法玻璃厂也将动工投产,1
此外,0
开发区已确定和可能确定的工业项目还有二十多个,1
包括油汽化工、钢铁厂、还原铁等,1
总投资约七十亿美元,1
洋浦位于海南西部,1
是中国第一例由外商成片承包开发的工业开发区,1
享有目前国内最优惠、最开放的政策,1
过去五年间,0
土地开发商共投入四十亿港元用于电厂、区内主干道及地下管网、土地平整、邮电通讯等基础设施建设,1
据俄通社━塔斯社报道,0
切尔诺梅尔金说,0
与１９９６年相比,0
俄罗斯去年国内生产总值增长百分之一点二,1
工业生产增长百分之三点二,1
零售商品总额增长百分之三点九,1
年通货膨胀率为百分之十一,1
是１９９６年的一半,1
居民收入增长百分之二点五,1
切尔诺梅尔金同时指出,0
去年国内也存在不少问题,1
例如,0
税收情况不佳,1
投资计划没有完成,1
外贸顺差减少,1
政府采取的财政金融措施不得力等等,1
在谈到今年的工作时,0
切尔诺梅尔金说,0
正在起草新的结构改革和经济增长计划,1
准备提交在２月２６日举行的政府扩大会议讨论,1
根据这个计划,0
明年俄罗斯的国内生产总值应增长百分之二,1
通货膨胀率要降到百分之五至百分之八,1
记者近日驱车到广西防城港、钦州、北海、湛江等市采访,1
看到随着南昆铁路的开通运营,0
北部湾畔这四座港口城市,1
码头上货物装卸紧张繁忙,1
海岸边一批新码头加紧兴建,1
到处千帆竞发,1
一片生机,1
防城港、钦州、北海和湛江,0
被人们称为西南出海大通道的“龙头”,1
南昆铁路建设给沿海四市带来了前所未有的发展机遇,1
防城港市现已发展成为全国重要枢纽港之一,1
拥有生产性码头二十个,1
其中万吨级以上泊位十个,1
铁路和高速公路直达港口,1
一九九七年港口完成货物吞吐量六百五十万吨,1
比上年增加百分之二十八,1
其中西南各省市的进出口物资增长近一倍,1
湛江、钦州、北海等港,0
来自大西南的进出口物资也比上年增加五成以上,1
大通道建设搞活了大西南的物流、人流、信息流,1
促进了沿海港口城市经济的发展,1
为适应大西南进出口物资迅速增长的需要,1
北部湾沿海四市开始了新一轮建港热潮,1
最早建设、规模宏大的湛江港,0
现拥有生产性泊位三十一个,1
其中一至七万吨级深水泊位二十四个,1
年吞吐量达一千八百多万吨,1
在防城港,0
九号、十号万吨级码头不久前正式动工,1
紧接着更大的十一号、十二号泊位又开始筹建,1
北海现已建成四个万吨级码头,1
今后又将有四个万吨级泊位投入兴建,1
起步较晚的钦州港,0
积极引入市场机制推动港口开发,1
组织国内外大财团、大公司成立招商集团联合招商,1
推行业主制兴建码头,1
目前在港口开发区,0
十九个万吨级以上的业主码头和十四个业主仓储项目正在兴建或筹建,1
来自国内外的业主们经过考察论证,0
在开发区统一规划下自选项目,1
自带资金、货源,1
自主经营,0
自负盈亏,1
中国第一个以业主为投资主体的港口将在这里崛起,1
与此同时,0
沿海四市还积极兴办临港工业园,1
一批国内外客商特别是来自大西南的有识之士纷纷来此落户,1
创办大进大出的加工业,1
前景十分看好,1
出口快速增长,1
成为推动经济增长的重要力量,1
去年,0
中国对外贸易增长百分之十二点一,1
全年出口增长速度高达百分之二十点九,1
进口回升平缓,1
去年中国进口增长百分之二点五,1
为九十年代以来增长最缓慢的年份,1
一般贸易与加工贸易同步发展,1
加工贸易比重略有提高,1
去年,0
一般贸易进出口总值为一千一百七十亿美元,1
增长百分之十四点五；加工贸易持续稳定发展,1
去年进出口总值一千六百九十八点一亿美元,1
增长百分之十五点八,1
占全国外贸总值的百分之五十二点二,1
比上年提高一点六个百分点,1
国有企业与外商投资企业齐头并进,1
国有企业继续居于主导地位,1
去年国有企业全年进出口一千六百三十点六亿美元,1
增长百分之十二点七,1
占外贸总值的百分之五十点四,1
外商投资企业进出口亦保持快速增长势头,1
全年进出口一千五百二十六点二亿美元,1
增长百分之十一点三,1
占外贸总值的百分之四十六点九,1
在外商投资企业中,0
外商独资企业进出口增长尤为迅速,1
出口、进口增幅分别达百分之三十一点一和百分之十二点五,1
去年中国初级产品进口增长迅速,1
出口商品结构进一步优化,1
去年全年,0
初级产品进口二百八十六点二亿美元,1
增长百分之十二点五；初级产品出口二百三十九点三亿美元,1
增长百分之九点一,1
占外贸出口总值的比重由上年的百分之十四点五下降到百分之十三点一,1
出口市场多元化,1
香港在中国对外贸易中发挥更大作用,1
去年,0
中国与世界各主要国家和地区贸易往来十分活跃,1
贸易额都有不同程度的增加,1
十大贸易伙伴是：日本、香港、美国、欧盟、韩国、台湾、新加坡、俄罗斯、澳大利亚、印尼,1
与这十大伙伴的贸易总额为二千七百二十一点六亿美元,1
占中国外贸总值的百分之八十三点七,1
去年中国除对亚洲、欧洲及北美洲等传统市场的出口继续保持较大增长外,1
对拉美、非洲及大洋洲的出口增长更快,1
增长速度分别达百分之四十七点七、百分之二十四点九和百分之二十二点一,1
全国各地外贸出口蓬勃发展,1
非沿海地区亦有强劲增长,1
全年出口值前十位的省市是：广东、上海、江苏、山东、福建、浙江、北京、辽宁、天津、河北,1
十省市合计出口一千六百二十一点九亿美元,1
占全国的百分之八十八点八,1
五个经济特区全年共出口二百三十一点八亿美元,1
增长百分之三十一,1
福建省日前提出,0
今年将大力推进闽台经贸合作,1
进一步加大对台招商力度,1
加强与台湾大企业、大财团的联系,1
争取一批台资大项目来闽投资,1
并大力拓展对台贸易和发展对台渔工劳务合作,1
福建省有关部门日前制定了进一步加快发展对外经贸新措施,1
把深化外经贸企业改革、保持出口稳定增长、继续扩大利用外资等作为一九九八年该省外经贸工作的重要内容,1
福建是中国沿海地区对外经贸发展最为迅速的地区之一,1
去年该省外贸进出口总额近二百亿美元,1
实际利用外资超过四十亿美元,1
对外承包工程和劳务合作金额达三点五五亿美元,1
据悉,0
这些新措施的主要内容有以发展规模经营、组建企业集团为重点,1
推进省属外贸公司的战略性重组；加大支柱产业产品出口的力度；办好在香港举办的外商投资招商会和九八中国投资贸易洽谈会等,1
记者从天津港保税区获悉：一九九七年保税区全面超额完成各项经济指标,1
平均增幅达百分之七十以上,1
居中国保税区之首,1
据统计,0
去年天津港保税区完成协议投资总额八点五亿美元,1
同比增长百分之七十二；协议外资额七亿美元,1
同比增长百分之七十五；实现进出区货物总值四十亿美元,1
同比增长百分之八十三；进出口总额十亿美元,1
均创历史最高水平,1
天津港保税区投入运行五年来,0
已建成了中国第一货物分拨中心,1
具备了口岸关的功能,1
开通了天津港保税区经西安、兰州到新疆阿拉山口口岸的铁路专用线；建立了一批集仓储、运输、销售于一体的大型物流配给中心,1
开办了铁路和国际集装箱多式联运,1
月接卸集装箱能力达六千标准箱；形成了七千门程控电话的装机能力,1
供电能力达二点五万千伏、日供水能力一万吨,1
此外,1
保税区还对进区企业实施了一系列优惠政策：确立了不设台帐和建立手册管理制度；区内从事国际贸易、仓储加工的企业,0
其所需进口设备材料免税,1
国内贸易卖断保税区视同出口,1
海关预以退税等,1
随着天津港保税区投资环境的日臻完善,0
来此投资的外商日益增多,1
去年仅两千万元以上的大项目就有十三家,1
美国加德士、卡特彼勒、日本的伊藤忠、韩国大宇、香港新世界集团纷纷入区投资置业,1
在外资大批涌入的同时,0
去年还有二十家国有大中型企业入区落户,1
投资总额近二亿美元,1
据统计,0
五年来天津港保税区共吸引了来自世界七十三个国家和地区及国内二十五个省、市、自治区的三千多家企业投资,1
累计协议投资总额达三十多亿美元,1
协议外资总额达二十多亿美元,1
中国陆上石油工业在过去一年中取得重大成绩：全年发现十个亿吨级储量规模的油气区,1
东部油田原油递减速度明显放慢,1
西部油田原油增长速度不断加快,1
“稳定东部、发展西部”的战略格局已基本形成,1
这是今天召开的中国石油天然气总公司工作会议上传出的信息,1
会上周永康总经理传达了中共中央政治局委员、国务院副总理吴邦国日前听取总公司工作汇报时对中国陆上石油工业取得成绩的祝贺和对今后工作的要求,1
吴邦国指出,0
去年中国陆上石油工业取得了很大成绩,1
油气产量分别比上年增加一百八十一万吨和七点三亿立方米,1
还从国外获得份额油近百万吨,1
增长幅度是“七五”（一九八六至一九九０年）以来最大的；经济效益可观,1
上缴税费实现二百五十八亿元,1
实现利润一百亿元；科技进步取得了很大成绩,1
周永康在会议工作报告中指出,0
陆上石油勘探开发遇到一系列世界级难题,1
投资成本日益上升,1
企业改革和产业结构调整任务艰巨,1
在企业改革方面,0
要积极推进企业战略性改组,1
实施下岗分流、减员增效和再就业工程,1
全面推行资产经营责任制,1
进一步加大扭亏增盈力度,1
在科技攻关方面,0
要以西部塔里木盆地等新油气区为重点,1
打开勘探新局面,1
拿到更多的油气资源,1
同时,0
要以东部老油气区为重点,1
努力提高采收率,1
使油田开发水平再上新台阶,1
